tt_id,published_at,title,description,content
T001,2026-05-04T08:00:00,"Thưởng thức cuộc sống, chăm sóc sức khỏe tại The Grand Island – biểu tượng của Ecopark tại Nghệ An","The Grand Island gồm 9 nhánh đảo quy hoạch đẹp nhất Đảo Châu Âu. Giữa không gian biệt lập đậm chất lãng mạn và cổ điển, cư dân được phục vụ bằng hệ tiện ích chăm sóc sức khỏe từ tổ hợp clubhouse 7.500m² với nhiều tiện ích cao cấp như bể bơi bốn mùa, phòng gym, yoga, nhà hàng, sảnh tiệc, thềm cảnh quan mặt nước ven hồ.","TIN MỚI
Tất cả đều được hoàn thiện tỉ mỉ theo tiêu chuẩn cao, trở thành nơi đại diện cho hình ảnh và diện mạo của The Grand Island nói riêng và Đảo Châu Âu nói chung.
Khi bản quy hoạch chạm sâu vào giá trị sống
The Grand Island nằm trong Đảo Châu Âu là dòng sản phẩm biểu tượng của đại đô thị Eco Central Park (rộng gần 200ha, tại phường Trường Vinh, tỉnh Nghệ An), được PropertyGuru Asia Property Awards vinh danh là ""Dự án Nhà ở Phong cách nhất Châu Á"", năm 2025.
Sau khi nhánh đảo mẫu đón khách vào tham quan, The Grand Island nhận được sự quan tâm, chú ý của thị trường, nhất là giới doanh nhân thành đạt, sống có gu, không chỉ chọn là nơi ở, thưởng thức cuộc sống mà còn nằm trong bộ sưu tập tài sản giá trị, hữu hạn trên thị trường bất động sản Bắc Trung Bộ.
The Grand Island là dòng biệt thự đảo cao cấp nhất tại Eco Central Park
Nằm giữa đại đô thị xanh lớn bậc nhất miền Trung, 9 nhánh đảo T"
T002,2026-06-05T06:43:00,"TP.HCM tung hơn 181.000 căn nhà ở xã hội, cảnh báo chiêu trò “bao đậu” hồ sơ","TP.HCM đang tăng tốc phát triển nhà ở xã hội với mục tiêu hoàn thành gần 200.000 căn đến năm 2030, đồng thời cảnh báo người dân không tin vào môi giới nhận làm hồ sơ, cam kết “bao đậu” trái quy định.","TIN MỚI
Theo Sở Xây dựng TP.HCM, giai đoạn 2021 - 2025, thành phố đã hoàn thành 17.902 căn nhà ở xã hội, đạt khoảng 98% chỉ tiêu được giao. Trong giai đoạn 2026 - 2030, TP.HCM đặt mục tiêu phát triển thêm hơn 181.000 căn để đáp ứng nhu cầu ngày càng lớn của người dân.
Hiện nhiều dự án nhà ở xã hội đang được triển khai tại khu vực TP.HCM, Bình Dương và Bà Rịa - Vũng Tàu trước đây, trong đó nhiều dự án dự kiến hoàn thành vào giai đoạn 2026 - 2027 với quy mô hàng chục nghìn căn hộ.
Sở Xây dựng yêu cầu các chủ đầu tư công khai đầy đủ thông tin dự án, giá bán, điều kiện đăng ký, thời gian nhận hồ sơ và kết quả xét duyệt theo quy định pháp luật.
Thành phố đã hoàn thành 17.902 căn nhà ở xã hội, đạt khoảng 98% chỉ tiêu được giao
Cơ quan này cũng khuyến cáo người dân chỉ tìm hiểu thông tin từ các kênh chính thức như UBND TP.HCM, Sở Xây dựng hoặc chủ đầu tư dự án; không tin vào quảng cáo nhận làm "
T003,2026-04-01T15:12:00,Đề xuất mới nhằm siết tình trạng mua bán nhà đất “hai giá”,"Bộ Tài chính đề xuất lấy bảng giá đất và hệ số K để tính thuế khi giá kê khai thấp hơn thực tế, nhằm siết tình trạng ""hai giá"" trên thị trường bất động sản.","TIN MỚI
Bộ Tài chính đang dự thảo Nghị định hướng dẫn thi hành một số điều của Luật Thuế thu nhập cá nhân, trong đó đề xuất thay đổi cách xác định giá chuyển nhượng bất động sản nhằm hạn chế tình trạng khai giá thấp để giảm nghĩa vụ thuế - vốn lâu nay được gọi là hiện tượng ""hai giá"" trên thị trường.
Theo dự thảo, thuế thu nhập cá nhân từ chuyển nhượng bất động sản của cá nhân cư trú tiếp tục áp dụng mức 2% trên giá chuyển nhượng. Tuy nhiên, điểm mới nằm ở cách xác định giá tính thuế.
Cụ thể, giá chuyển nhượng vẫn căn cứ theo hợp đồng, nhưng nếu không ghi giá hoặc ghi thấp hơn mức giá theo bảng giá đất và hệ số điều chỉnh do địa phương ban hành, cơ quan thuế sẽ xác định lại theo bảng giá đất tại thời điểm giao dịch.
Quy định này được kỳ vọng sẽ thu hẹp khoảng cách giữa giá kê khai và giá giao dịch thực tế, qua đó hạn chế tình trạng người mua – người bán thỏa thuận ghi giá thấp trên hợp đ"
T004,2026-06-16T06:26:00,"Thị trường bất động sản cuối năm 2026: Giai đoạn phát triển nóng như trước đây chắc chắn sẽ không còn, nhưng mặt bằng giá khó giảm sâu","Nhận định về chu kỳ mới của thị trường bất động sản 2026, các chuyên gia khẳng định thời kỳ sốt giá bất hợp lý sẽ chính thức chấm dứt. Tuy nhiên, do các quy định mới về định giá đất, mặt bằng giá rất khó giảm sâu.","TIN MỚI
Mặt bằng giá sẽ rất khó giảm sâu. Ảnh: MarktTimes.
Tại toạ đàm “Định giá đất – Chìa khoá phát triển bền vững thị trường bất động sản” do Tạp chí điện tử Nhịp sống Thị trường (MarketTimes) tổ chức dưới sự chỉ đạo của Hội thẩm định giá Việt Nam (VVA) hôm 12/6, các chuyên gia đã đánh giá những bất cập của thị trường bất động sản và nhận định diễn biến thị trường cuối năm 2026.
G
iá nhà đã vượt ngưỡng
thu nhập của người dân
Theo bà Lê Hoàng Lan Như Ngọc - Giám đốc cấp cao Tư vấn chiến lược của Công ty TNHH Cushman & Wakefield; Báo cáo quý 1/2026 của chúng tôi đánh giá, thị trường bất động sản tại Hà Nội và TP.HCM hoàn toàn vắng bóng các sản phẩm thuộc phân khúc trung cấp và bình dân. Trong phân khúc nhà ở thương mại, đặc biệt là chung cư tại các thành phố lớn, giá sơ cấp hiện đã vượt quá xa khả năng chi trả của người dân. Với mức giá đạt ngưỡng 90-100 triệu đồng/m², một hộ gia đình ("
T005,2026-07-16T10:29:00,Vụ 'Làng An Yên 38 hộ dân' ở Đắk Lắk: Lật tẩy chiêu trò 'lùa gà',"UBND xã Ea Kiết (Đắk Lắk) khẳng định không có dự án nào mang tên ""Làng An Yên 38 hộ dân"". Địa phương cũng chỉ ra hàng loạt thông tin quảng bá dễ gây nhầm lẫn, cảnh báo người dân không giao dịch dưới danh nghĩa dự án.","TIN MỚI
Khu vực được bà V.P.T quảng bá dự án ""Làng An Yên"".
Sau phản ánh của Báo
Tiền Phong
về nội dung ""Thực hư '     Dự án Làng An Yên    38 hộ dân' ở Đắk Lắk"", ngày 16/7, UBND xã Ea Kiết (tỉnh Đắk Lắk) cho biết đã có thông báo chính thức về vụ việc.
Theo đó, địa phương khẳng định không có dự án nào mang tên ""Làng An Yên"", ""Làng An Yên 38 hộ dân"" hay ""Dự án Làng An Yên 38 hộ dân"" được cơ quan nhà nước có thẩm quyền quyết định, chấp thuận hoặc phê duyệt trên địa bàn.
Theo UBND xã Ea Kiết, qua rà soát hồ sơ thuộc phạm vi quản lý của địa phương và kết quả phối hợp với các cơ quan liên quan, đến thời điểm ban hành thông báo, địa phương chưa ghi nhận dự án đầu tư, dự án khu dân cư, dự án nhà ở hoặc dự án kinh doanh bất động sản nào mang các tên gọi trên được cơ quan nhà nước có thẩm quyền quyết định, chấp thuận hoặc phê duyệt.
UBND xã khẳng định các tên gọi ""Làng An Yên"", ""Làng An Yên 38 hộ"
T006,2026-01-27T07:24:00,Vinaconex “nắm trong tay” 2.000 ha đất từ Bắc - Nam và nhiều dự án hạ tầng,"Theo giới thiệu, Vinaconex đã tích lũy được quỹ đất lên tới 2.000 ha tại các địa phương đang phát triển mạnh mẽ trên cả nước như Hà Nội, Hải Phòng, Quảng Ninh, Đà nẵng, Quảng Nam, Phú Yên…","TIN MỚI
Năm 1988, Tổng Công ty Cổ phần Xuất nhập khẩu và Xây dựng Việt Nam (Vinaconex; mã chứng khoán: VCG) được thành lập với tên gọi ban đầu là Công ty Dịch vụ và Xây dựng nước ngoài.
Năm 2018, thực hiện chủ trương cổ phần hóa của Chính phủ, các cổ đông nắm giữ phần vốn của Nhà nước đã hoàn tất thoái vốn tại doanh nghiệp này. Từ đó, Vinaconex chính thức hoạt động theo mô hình công ty đại chúng không có vốn Nhà nước.
Hiện nay, doanh nghiệp này hoạt động với 3 trụ cột chính là xây dựng, bất động sản và đầu tư tài chính. Vinaconex đặt mục tiêu hướng tới vị thế top 5 nhà đầu tư bất động sản lớn nhất Việt Nam.
Ở mảng bất động sản, năm 2006 doanh nghiệp này đã hoàn thành khu đô thị mới Trung Hòa - Nhân Chính (TP Hà Nội). Đây cũng là dự án đô thị lớn hàng đầu và đầu tiên của Vinaconex với quy mô 24ha, 17 tòa nhà cao 34 tầng.
Theo giới thiệu trên website của doanh nghiệp, tiếp nối thành công t"
T007,2026-04-13T19:38:00,Thấy gì về dòng vốn đang đổ vào bất động sản?,"Thị trường bất động sản Việt Nam đang bước vào giai đoạn tái cấu trúc sâu sắc, trong đó sự dịch chuyển của dòng vốn trở thành yếu tố then chốt định hình cục diện mới. Nếu như dòng vốn ngoại tăng tốc và ngày càng đóng vai trò dẫn dắt thì nguồn vốn trong nước có xu hướng thận trọng hơn trước các rủi ro vĩ mô, yêu cầu kiểm soát tín dụng.","TIN MỚI
Vốn ngoại tăng trưởng mạnh
Theo     Bộ Xây dựng,    tính đến hết năm 2025, lĩnh vực bất động sản đã thu hút khoảng 8,1 tỷ USD vốn đầu tư trực tiếp nước ngoài (FDI) đăng ký mới, chiếm trên 21% tổng vốn đăng ký và tăng gần 13% so với năm trước. Đây là con số cho thấy sức hấp dẫn đáng kể của thị trường địa ốc Việt Nam trong mắt nhà đầu tư quốc tế, bất chấp những biến động ngắn hạn của nền kinh tế.
Đáng chú ý,     dòng vốn ngoại    không còn trải đều mà có xu hướng chọn lọc kỹ lưỡng. Các nhà đầu tư nước ngoài ưu tiên những dự án có pháp lý minh bạch, quỹ đất sạch, đã được phê duyệt quy hoạch và có lộ trình phát triển rõ ràng. Những yếu tố này không chỉ giúp giảm thiểu rủi ro mà còn đảm bảo khả năng sinh lời dài hạn.
Vốn ngoại cho bất động sản tăng mạnh.
Theo các tổ chức tư vấn quốc tế như Savills hay Cushman & Wakefield, Việt Nam đang nổi lên như một trong những điểm đến hàng đầu của"
T008,2025-12-30T10:43:00,"Giá nhà đất tăng nóng và lý giải từ chuyên gia, nhà quản lý","Trong giai đoạn 2019 – 2024, giá bất động sản trên cả nước đã tăng gần 60%, riêng 11 tháng đầu năm 2025, giá bất động sản tại Hà Nội và TP HCM tăng bình quân trên 20%.","TIN MỚI
Theo TS. Cấn Văn Lực - Chuyên gia Kinh tế trưởng BIDV, hiện nay mặt bằng giá nhà ở tăng cao và ngày càng vượt xa khả năng chi trả của người dân. Nếu như trên bình diện quốc tế, bình quân một người cần khoảng 15 năm thu nhập để mua được nhà ở, thì tại Việt Nam, con số này đã lên tới gần 26 năm. Khoảng cách này phản ánh rõ áp lực nhà ở đang đè nặng lên người có thu nhập trung bình và thấp, đặc biệt tại các đô thị lớn.
Trong giai đoạn 2019 - 2024, giá bất động sản trên cả nước đã tăng gần 60%. Riêng 11 tháng đầu năm 2025, giá bất động sản tại Hà Nội và TP HCM tăng bình quân trên 20%, dù thị trường vẫn đang trong quá trình phục hồi sau giai đoạn trầm lắng.
Theo đánh giá của nhiều chuyên gia, việc giá nhà và đất liên tục thiết lập mặt bằng mới trong bối cảnh thu nhập của đại bộ phận người dân tăng chậm là một hiện tượng bất thường, tiềm ẩn nhiều rủi ro cho sự phát triển bền vững của t"
T009,2026-08-15T16:50:00,Quảng Ninh: Khởi tố nhóm đối tượng làm giả hồ sơ chiếm đoạt suất mua nhà ở xã hội,"Ngày 15/8, Công an tỉnh Quảng Ninh thông tin, Cơ quan CSĐT Công an tỉnh đã khởi tố vụ án, khởi tố 7 bị can về các hành vi “Làm giả con dấu, tài liệu của cơ quan, tổ chức” và “Sử dụng tài liệu giả của cơ quan, tổ chức” xảy ra tại dự án nhà ở xã hội Khu dân cư đồi Ngân hàng.","TIN MỚI
Trước đó, qua công tác nắm tình hình thực hiện dự án nhà ở xã hội Khu dân cư đồi Ngân hàng, Phòng Cảnh sát kinh tế, Công an tỉnh Quảng Ninh đã phát hiện một số hồ sơ có dấu hiệu bất thường liên quan đến xác nhận quá trình công tác, hợp đồng lao động và mức thu nhập của người đăng ký.
Phòng Cảnh sát kinh tế, Công an tỉnh Quảng Ninh tống đạt quyết định khởi tố bị can đối với các đối tượng trong vụ án. Ảnh: Công an tỉnh Quảng Ninh
Theo kết quả điều tra của cơ quan Công an, mặc dù không thuộc nhóm đối tượng được hưởng chính sách ưu đãi về nhà ở xã hội nhưng một số đối tượng đã thông đồng với người quen là giám đốc, doanh nghiệp để lập khống hồ sơ đăng ký mua nhà, hợp thức hóa điều kiện nhằm chiếm đoạt suất mua nhà ở xã hội tại dự án.
Cơ quan CSĐT Công an tỉnh Quảng Ninh đã khởi tố vụ án, khởi tố 7 bị can về các hành vi “Làm giả con dấu, tài liệu của cơ quan, tổ chức” và “Sử dụng tài "
T010,2026-08-23T11:03:00,Công bố thiết kế đô thị tuyến đường giáp Trục đại lộ cảnh quan sông Hồng,"Khu đất lập thiết kế đô thị riêng tuyến đường Trần Nhật Duật - Trần Quang Khải - Trần Khánh Dư có tổng diện tích khoảng 38 ha, trong đó không bổ sung thêm công trình cao tầng có chức năng nhà ở…","TIN MỚI
UBND TP Hà Nội vừa ban hành quyết định phê duyệt Đồ án Thiết kế đô thị riêng tuyến đường Trần Nhật Duật - Trần Quang Khải - Trần Khánh Dư, tỷ lệ 1/500. Địa điểm tại các phường Hoàn Kiếm, Cửa Nam, Hồng Hà.
Đồ án được lập nhằm cụ thể hóa định hướng Quy hoạch tổng thể Thủ đô Hà Nội với tầm nhìn 100 năm; đồng thời triển khai các định hướng của Quy hoạch phân khu đô thị H1-1A, H1-1C (tỷ lệ 1/2.000) và Quy hoạch phân khu đô thị sông Hồng (tỷ lệ 1/5.000) đã được cấp có thẩm quyền phê duyệt.
Việc xác lập rõ không gian kiến trúc, cảnh quan hai bên tuyến đường là cơ sở để quản lý xây dựng, chỉnh trang đô thị, kiểm soát phát triển không gian và sử dụng hiệu quả quỹ đất. Đây cũng là cơ sở để triển khai các dự án đầu tư, cải tạo, xây dựng lại các khu vực theo quy hoạch được duyệt.
Theo quyết định được phê duyệt, phạm vi nghiên cứu thiết kế đô thị có chiều dài khoảng 3km, từ nút giao phố Hàng "
T011,2026-03-03T08:00:00,"Khi thị trường tái định giá rủi ro, đâu là tài sản giữ được giá trị thực?","Trong giai đoạn thị trường tái định giá rủi ro, bất động sản không còn là cuộc chơi của kỳ vọng ngắn hạn mà bước vào giai đoạn sàng lọc giá trị. Dòng tiền dịch chuyển, ưu tiên những tài sản có nền tảng thực, khả năng khai thác tốt và giá trị gia tăng bền vững.","TIN MỚI
Bất động sản bước vào giai đoạn tái định giá rủi ro
Từ cuối năm 2025 sang đầu 2026, nhiều ngân hàng đã điều chỉnh tăng lãi suất cho vay mua nhà. Tín dụng bất động sản được kiểm soát chặt hơn, mỗi đồng vốn cho vay mới đều đi kèm yêu cầu cao hơn về chất lượng tài sản bảo đảm, dòng tiền trả nợ và mức độ rủi ro.
Điều này khiến thị trường bất động sản bước vào pha tái định giá rủi ro. Người mua và nhà đầu tư không còn nhìn tài sản qua lăng kính kỳ vọng, mà đánh giá lại toàn bộ mức độ an toàn. Những bất định về pháp lý, thanh khoản hay khả năng khai thác không còn bị bỏ qua, mà trở thành yếu tố trực tiếp làm tăng chi phí và làm giảm giá trị thực của tài sản. Mô hình ""ôm hàng, lướt sóng"" dựa trên đòn bẩy cao và kỳ vọng tăng giá nhanh không còn khả thi. Khi chi phí vốn tăng, thời gian hoàn vốn kéo dài và biên lợi nhuận bị nén lại, nhà đầu tư buộc phải tính toán kỹ bài toán tài chính dài "
T012,2026-01-28T14:16:00,"TPHCM: 148 khu đất làm dự án tái định cư, nhà ở xã hội","Qua rà soát tại 34 phường, xã (TPHCM), 148 khu đất được đề xuất bố trí thực hiện dự án tái định cư, nhà ở xã hội.","TIN MỚI
Sở Nông nghiệp và Môi trường vừa báo cáo UBND TPHCM kết quả rà soát quỹ đất bố trí thực hiện dự án tái định cư, nhà ở xã hội trên địa bàn.
34 phường, xã báo cáo
Đến nay, Sở Nông nghiệp và Môi trường nhận được ý kiến của Trung tâm Phát triển quỹ đất thành phố và 34 UBND dân xã, phường.
Căn hộ tái định cư thuộc khu 38,4 ha phường An Khánh.
Theo đó, 148 khu đất được đề xuất bố trí thực hiện dự án tái định cư, nhà ở xã hội (17 xã, phường không có khu đất có diện tích lớn, có vị trí phù hợp để xây dựng dự án tái định cư, nhà ở xã hội).
Từ kết quả này, Sở Nông nghiệp và Môi trường đề xuất UBND TPHCM giao  Sở Xây dựng chủ trì, hướng dẫn Ban quản lý dự án đầu tư xây dựng (thuộc thành phố) lập, thẩm định, trình phê duyệt dự án đầu tư hạ tầng kỹ thuật khu tái định cư.
UBND xã, phường, đặc khu chủ trì, phối hợp Sở Q"
T013,2025-10-29T08:06:00,"Chủ tịch Nguyễn Quốc Hiệp: Giá đất chiếm tới 30% giá nhà, nếu mỗi tháng tiết kiệm 1/3 thu nhập thì mất hơn 80 năm mới mua nổi căn hộ","Theo Chủ tịch Nguyễn Quốc Hiệp, đây là con số phản ánh rõ rệt sự mất cân đối giữa thu nhập khả dụng và giá bất động sản, đồng thời cho thấy nhu cầu về một chính sách giá và đất đai hợp lý hơn.","TIN MỚI
Phát biểu tại Hội thảo ""Thị trường bất động sản Việt Nam: Nhận diện những vấn đề bất cập và giải pháp"", ông Nguyễn Quốc Hiệp - Chủ tịch Hiệp hội Nhà thầu Xây dựng Việt Nam (VACC), Chủ tịch HĐQT GP Invest nhấn mạnh giá đất đang chiếm tỷ trọng quá lớn trong cơ cấu giá bán nhà, khiến khả năng sở hữu nhà của người dân ngày càng xa vời.
Ông Nguyễn Quốc Hiệp dẫn chỉ số price to income (giá nhà trên thu nhập) để cho thấy sự chênh lệch lớn giữa thu nhập của người dân và giá bất động sản hiện nay.
""Nếu một người có thu nhập trung bình, dùng toàn bộ tiền lương để mua căn hộ trung bình thì phải mất tới 28,3 năm. Còn nếu chỉ tiết kiệm được 1/3 thu nhập thì thời gian có thể lên tới hơn 80 năm, tức là cả đời cũng khó mua nổi nhà,""
ông nói.
Theo ông Hiệp, đây là con số phản ánh rõ rệt sự mất cân đối giữa thu nhập khả dụng và giá bất động sản, đồng thời cho thấy nhu cầu về một chính sách giá và "
T014,2026-03-24T08:20:00,Một công ty bất động sản bất ngờ báo lãi lớn sau nhiều năm “chìm” trong thua lỗ,"Năm 2025, Bất động sản Diên Vĩ – doanh nghiệp từ huy động gần 1.000 tỷ đồng trái phiếu “thâu tóm” dự án ở Đồng Nai bất ngờ báo lãi sau thuế hơn 162 tỷ đồng. Đây là lần đầu tiên công ty này báo lãi kể từ khi công bố số liệu tài chính, chính thức chấm dứt chuỗi 4 năm thua lỗ liên tiếp.","TIN MỚI
Công ty TNHH Đầu tư và Bất động sản Diên Vĩ vừa công bố thông tin về tình hình tài chính năm 2025 ghi nhận bước ngoặt lớn trong kết quả kinh doanh của doanh nghiệp, khi báo lãi sau thuế hơn 162 tỷ đồng. Lần đầu tiên báo lãi sau nhiều năm “chìm” trong thua lỗ.
Trước đó, giai đoạn 2021–2024, Diên Vĩ liên tục kinh doanh kém hiệu quả khi lần lượt báo lỗ 42,3 tỷ đồng (2021), 123,5 tỷ đồng (2022), 143 tỷ đồng (2023) và 146,8 tỷ đồng (2024). Tổng lỗ lũy kế theo đó “phình to” lên hơn 456,8 tỷ đồng.
Về sức khỏe tài chính doanh nghiệp, tính đến ngày 31/12/2025, vốn chủ sở hữu của Bất động sản Diên Vĩ là 218,6 tỷ đồng – giảm gần 5 lần so với hồi đầu năm (1.023 tỷ đồng). Trong đó, vốn đầu tư của chủ sở hữu giảm gần 1.000 tỷ đồng, xuống 513,2 tỷ đồng. Lợi nhuận sau thuế chưa phân phối giảm hon 162 tỷ đồng, xuống còn âm 294,5 tỷ đồng.
Tổng dư nợ phải trả của công ty tính đến cuối năm 2025 là 1"
T015,2026-07-09T18:40:00,Chuyển mục đích sử dụng hơn 2ha đất nông nghiệp tại phường Bồ Đề làm dự án nhà ở,"UBND TP.Hà Nội cho phép Công ty CP Đầu tư và Phát triển nhà đất Hà Nội chuyển mục đích sử dụng 20.289,1 m2 đất nông nghiệp và giao 4.437,9 m2 đất để thực hiện Dự án đầu tư xây dựng Khu nhà ở tại ô đất ký hiệu A4/NO2 phường Bồ Đề.","TIN MỚI
Thông tin từ UBND TP.Hà Nội, Chủ tịch UBND TP đã có quyết định về việc cho phép Công ty CP Đầu tư và Phát triển nhà đất Hà Nội (trước đây là Công ty TNHH Đầu tư và Phát triển nhà đất Hà Nội) chuyển mục đích sử dụng 20.289,1 m² đất nông nghiệp và giao 4.437,9 m² đất do UBND phường Bồ Đề quản lý cho công ty để sử dụng 24.727 m² đất thực hiện Dự án đầu tư xây dựng Khu nhà ở tại ô đất ký hiệu A4/NO2 phường Bồ Đề, TP.Hà Nội.
Trong tổng diện tích 24.727 m² đất, bao gồm: 17.559,6 m² đất để xây dựng công trình nhà ở thấp tầng và nhà ở cao tầng (bao gồm 10.309,6 m² đất xây dựng nhà ở thấp tầng và 7.250 m² đất xây dựng chung cư cao tầng); 751 m2 đất xây dựng công trình kỹ thuật - dịch vụ - công cộng và nhà điều hành kỹ thuật/quản lý vận hành; 6.416,4 m2 đất cây xanh, đường giao thông nội bộ.
Công ty CP Đầu tư và Phát triển Nhà đất Hà Nội liên hệ với UBND phường Bồ Đề, Sở Tài chính, Thuế TP"
T016,2026-03-01T15:30:00,"Căn hộ cho thuê hạ nhiệt, phòng trọ gia tăng lượng tìm thuê",Căn hộ cho thuê ở TPHCM hạ nhiệt từ 3%-20% so với đỉnh cao của thị trường căn hộ cho thuê vào cuối năm 2025.,"TIN MỚI
Khảo sát quanh các chung cư thường xuyên thu hút khách thuê nhà ở TPHCM như phường Thạnh Mỹ Tây, An Khánh, phường Vĩnh Hội, phường Tân Phong…, giá thuê đã có dấu hiệu chững lại.
Theo đó, căn 2 phòng ngủ ở dự án Icon 56 thuộc Phường Vĩnh Hội có giá 17-18 triệu đồng/tháng, giảm hơn 15% so với đỉnh cao là tháng 11-2025.
Các căn ở cùng khu vực như Gold View cũng giảm giá trên 5%, giá thuê căn 2 phòng ngủ hiện chỉ còn 15-16 triệu đồng. Các căn diện tích 3 phòng ngủ có giá giảm nhiều hơn, chỉ còn 19-20 triệu đồng.
Nhiều nhà trọ 30m2, giá thuê chỉ 2,8-3 triệu đồng đã có thể ở cả gia đình 3-4 người.
Còn khu Eco Green (Quận 7 cũ) đã giảm giá 10% để hút khách thuê. Giá thuê căn 2 phòng ngủ hiện 14-15 triệu đồng. Số lượng căn hộ cho thuê ở khu vực nhà nhiều vì số căn cũng dồi dào.
Trong khi đó, căn hộ tại Masteri (Phường An Khánh) đã từng rất ""hot"" vào tháng 10-11 năm 2025 thì nay đã hạ nhi"
T017,2026-03-02T21:09:00,Hết thời “lướt sóng” bất động sản?,"Lãi suất vay mua nhà tăng trở lại sau Tết đang tạo áp lực lên người mua và doanh nghiệp bất động sản, đồng thời khiến thị trường phân hóa mạnh.","TIN MỚI
Việc lãi suất vay mua nhà tăng trở lại ngay sau Tết Nguyên đán đang tạo ra những tác động rõ nét đến thị trường bất động sản, từ người mua nhà, doanh nghiệp địa ốc đến hệ thống ngân hàng. Các chuyên gia cho rằng, đây không phải diễn biến bất ngờ, nhưng sẽ thúc đẩy thị trường bước vào giai đoạn sàng lọc mạnh mẽ hơn.
Lãi suất vay mua nhà tác động đến thị trường BĐS.
Ngay sau Tết nguyên đán, các ngân hàng quốc doanh và ngoài quốc danh đều thông báo điều chỉnh lãi suất, mức lãi cho vay mua nhà ghi nhận tăng đáng kể. Khảo sát tại một chi nhánh
Vietcombank
tại TP Hồ Chí Minh, lãi suất vay mua căn hộ, nhà phố đã có chứng nhận hoặc Hợp đồng mua bán thấp nhất là 9,5%. Mức này tăng đáng kể so với 6% áp dụng cho 12 tháng từ giữa năm ngoái.
Các ngân hàng cùng khối quốc doanh thông báo mức lãi cho vay trong khoảng thấp nhất 9% và cao nhất đến hơn 13% cho các gói vay cố định 6, 12 và 18 tháng."
T018,2026-01-19T08:47:00,Những dự báo bất ngờ mà nhà đầu tư bất động sản có thể gặp trong năm 2026,"Sau giai đoạn tăng nóng, thị trường bất động sản đang bước vào một nhịp vận động hoàn toàn khác. Từ chung cư, nhà liền thổ đến đất nền, nhiều dấu hiệu cho thấy mặt bằng giá đã tiệm cận ""ngưỡng chịu đựng"", trong khi chi phí vốn gia tăng đang buộc nhà đầu tư phải điều chỉnh mạnh chiến lược.","TIN MỚI
Chung cư: Giá
tăng
cao, thanh khoản thứ cấp bắt đầu ""tắc""
Sự chững lại của giá căn hộ chung cư, đặc biệt ở dòng sản phẩm studio và 1 phòng ngủ – vốn được nhà đầu tư mua theo tâm lý ""lướt sóng"" trong năm 2025 đang trở nên rõ rệt. Theo khảo sát, mặt bằng giá chung cư mở bán mới đã lên tới gần 100 triệu đồng/m2, trong khi nguồn cung mới dự kiến tăng mạnh từ năm 2026 trở đi sẽ tạo áp lực điều chỉnh lên giá bán.
Hiện nay, giao dịch thứ cấp trên thị trường đang có dấu hiệu chững lại. Nhiều khách hàng từng mua chênh chung cư hiện chấp nhận lỗ phần chênh, muốn chuyển nhượng phần vốn đã đóng cho chủ đầy tư nhưng vẫn khó thanh khoản.
Bà Dương Thùy Dung, Giám đốc cao cấp CBRE Việt Nam, khẳng định: ""Có một điều chắc chắn là giá căn hộ sẽ không thể tăng mãi mà chỉ tăng đến khi chạm ngưỡng chịu đựng và khả năng chi trả của người mua nhà"".
Thực tế cho thấy, giá căn hộ tại TP.HCM sau giai đoạn t"
T019,2026-04-08T14:37:00,Thiết kế nhà cho thuê có cần phải đẹp không,"Nhiều chủ đầu tư băn khoăn liệu thiết kế nhà cho thuê có cần đẹp? Thực tế, thẩm mỹ không chỉ giúp tăng giá trị bất động sản mà còn là bí quyết giữ chân khách hàng.","TIN MỚI
Cần thiết kế nhà cho thuê đẹp hay không?
Góc nhìn của chủ nhà
Nhiều chủ nhà cho rằng nhà ở kết hợp cho thuê, đặc biệt là mô hình phòng trọ hoặc căn hộ mini, không nhất thiết phải đầu tư nhiều vào hình thức. Theo quan điểm này, nhà cho thuê là một tài sản đầu tư dài hạn, mục tiêu cốt lõi là tạo dòng tiền ổn định.
Vì vậy, việc ưu tiên kiểm soát chi phí xây dựng, chi phí bảo trì và tối ưu công năng sử dụng thường được đặt lên hàng đầu, trong khi yếu tố thẩm mỹ chỉ cần ở mức chấp nhận được, không quá cầu kỳ.
Góc nhìn của người thuê nhà
Ở chiều ngược lại, người thuê ngày càng quan tâm đến chất lượng không gian sống. Một căn nhà được thiết kế chỉn chu, bố cục hợp lý và có tính thẩm mỹ sẽ mang lại cảm giác thoải mái, dễ chịu ngay từ lần đầu tiếp cận.
Thiết kế đẹp còn thể hiện sự đầu tư và thái độ nghiêm túc của chủ nhà, tạo niềm tin cho người thuê trong quá trình sinh sống lâu dài. Khôn"
T020,2026-02-02T15:44:00,"Nghịch lý chung cư Hà Nội: Nguồn cung 'lao dốc' giảm 58%, giá vượt 122 triệu đồng/m2","Theo báo cáo của BHS Property, thị trường nhà ở cao tầng Hà Nội trong quý IV/2025 ghi nhận những diễn biến trái chiều khi nguồn cung mới sụt giảm so với các quý trước nhưng thanh khoản vẫn duy trì ở mức tích cực, trong khi mặt bằng giá sơ cấp tiếp tục tăng cao.","TIN MỚI
Trong quý IV/2025, nguồn cung sơ cấp đạt hơn 5.000 căn, giảm 58% so với quý trước và giảm tới 63% so với cùng kỳ năm 2024. Dù vậy, lượng giao dịch vẫn ghi nhận gần 4.100 căn, với tỷ lệ hấp thụ đạt khoảng 81,4%. Đáng chú ý, trong quý có khoảng 10 dự án mới hoặc phân khu mới thuộc các dự án hiện hữu được mở bán, cung cấp cho thị trường khoảng 3.200 sản phẩm, đóng góp phần lớn vào tổng nguồn cung.
Về phân bổ theo khu vực, nguồn cung và giao dịch trong quý IV/2025 tập trung chủ yếu tại các khu vực Gia Lâm, Phúc Lộc, Cầu Giấy và Phúc Lợi. Ngoài ra, một số khu vực như Việt Hưng, Đống Đa và Giảng Võ ghi nhận nguồn cung và giao dịch ở mức hạn chế. Nhìn chung, thị trường tiếp tục có xu hướng dịch chuyển ra khu vực ngoài trung tâm, trong khi khu vực nội đô duy trì nguồn cung hạn chế do quỹ đất khan hiếm.
Xét theo phân khúc giá, căn hộ hạng A và hạng Sang tiếp tục chiếm ưu thế khi đóng góp "
T021,2025-11-12T07:14:00,Hành trình đi làm thủ tục mua NOXH: Cả tháng vẫn chưa được xác nhận thu nhập,"Nhiều người dân tại Hà Nội đang gặp khó khăn trong việc hoàn thiện hồ sơ mua nhà ở xã hội, “tắc” ở khâu xác nhận điều kiện nhà ở và thu nhập - đặc biệt là với lao động tự do. Trong khi đó, thời gian tiếp nhận hồ sơ của các chủ đầu tư quá ngắn, khiến họ mất cơ hội mua nhà giá rẻ.","TIN MỚI
Người dân “chạy đua” với thủ tục
Theo phản ánh, một số dự án như Khu nhà ở xã hội Thượng Thanh (Rice City Long Châu) hay dự án nhà ở xã hội tại xã Đông Anh do Tổng Công ty 319 – Bộ Quốc phòng làm chủ đầu tư chỉ nhận hồ sơ trong khoảng hơn 1 tháng.
Người dân phản ánh đang gặp khó khăn trong việc hoàn thiện hồ sơ mua nhà ở xã hội (Trong ảnh, một dự án nhà ở xã hội đang được triển khai tại Long Biên, Hà Nội).
Trong khi đó, để hoàn thiện hồ sơ, người dân phải thực hiện nhiều thủ tục hành chính mất thời gian. Cụ thể, việc xin giấy xác nhận thu nhập tại trung tâm hành chính công thường mất khoảng 2 ngày làm việc, còn xác nhận điều kiện về nhà ở kéo dài tới 10 ngày làm việc.
Như vậy, chỉ riêng với hai loại giấy tờ này đã “ngốn” gần hết thời gian nộp hồ sơ. Chưa kể người dân còn phải chuẩn bị nhiều giấy tờ khác, hoặc gặp vướng mắc phát sinh trong quá trình làm thủ tục, khiến không ít trư"
T022,2026-04-17T13:30:00,Viha Flora – Lời giải cho bài toán sống xanh sinh thái tại trung tâm Nam Thủ đô,"Khi phố thị ngột ngạt bởi những khối bê tông san sát, cư dân bắt đầu cuộc viễn chinh tìm kiếm không gian sống xanh đúng nghĩa.","TIN MỚI
Viha Flora xuất hiện như một ốc đảo tại trung tâm Nam Thủ đô, không chỉ giải tỏa nhu cầu sinh thái mà còn thiết lập một tọa độ sống mới – nơi tiện ích hiện đại hòa quyện cùng hơi thở thuần khiết của thiên nhiên.
Cư dân Thủ đô tìm kiếm không gian sống xanh trung tâm Nam Thủ đô
Hà Nội hiện nay đang đứng trước một hệ quả khắc nghiệt của quá trình đô thị hóa. Với dân số đã vượt ngưỡng 8,5 triệu người, mật độ tại các khu vực nội đô đạt 30.000 đến 40.000 người/km², thành phố đang phải gồng mình gánh chịu áp lực của bùng nổ dân số đô thị.
Quỹ đất để phát triển dự án mới ngày càng trở thành một thứ xa xỉ phẩm, buộc các nhà phát triển bất động sản phải lựa chọn phương án tối đa hóa diện tích xây dựng, gia tăng mật độ căn hộ trên mỗi mặt sàn để bù đắp chi phí đầu tư. Mật độ cư dân lớn khiến các khu vực công cộng thường xuyên rơi vào tình trạng quá tải, từ thang máy, bãi đỗ xe cho tới các t"
T023,2026-04-16T07:26:00,"Chung cư Hà Nội: Giá chủ đầu tư vẫn cao trong khi giá chuyển nhượng đang được điều chỉnh lại, thanh khoản phụ thuộc vào khả năng khai thác dòng tiền","Trên thị trường thứ cấp, giá bắt đầu điều chỉnh cục bộ. Đáng chú ý, thanh khoản không còn phụ thuộc vào việc giá cao hay thấp, mà phụ thuộc ngày càng lớn vào giá trị sử dụng thực và khả năng khai thác dòng tiền của sản phẩm.","TIN MỚI
Trình bày báo cáo thị trường bất động sản Việt Nam quý I/2026, bà Phạm Thị Miền, Phó Viện trưởng Viện nghiên cứu đánh giá thị trường bất động sản Việt Nam (VARS IRE) cho biết, quý vừa qua, toàn thị trường ghi nhận khoảng 52.000 sản phẩm bất động sản nhà ở thương mại mở bán, trong đó nguồn cung mới đạt khoảng 38.000 sản phẩm, giảm nhẹ so với quý trước nhưng vẫn gấp 2,5 lần cùng kỳ năm 2025.
Đáng chú ý, cơ cấu nguồn cung tiếp tục có sự dịch chuyển từ trạng thái tập trung sang xu hướng đa cực và phân bổ đồng đều hơn giữa các vùng miền. Khu vực miền Trung nổi lên như một điểm sáng khi chiếm tới 26% nguồn cung nhà ở mới, nhờ lợi thế về quỹ đất, hạ tầng và định hướng phát triển đô thị.
Đồng thời, nguồn cung cũng có xu hướng mở rộng ra các khu vực vùng ven và các đô thị mới, gắn với các dự án quy mô lớn và mô hình phát triển theo định hướng giao thông (TOD), đáp ứng tiêu chuẩn xanh, bền"
T024,2026-03-10T18:08:00,"Lễ khởi công ""Thành phố Ánh sáng"" quy mô 176ha bên bờ sông Mã","Sáng 10/3/2026, tại phường Nguyệt Viên (TP. Thanh Hóa cũ), Eurowindow Holding đã tổ chức lễ khởi công dự án Eurowindow Light City – khu đô thị xanh, hiện đại quy mô 176ha bên bờ sông Mã. Sự kiện đánh dấu bước khởi đầu cho hành trình kiến tạo ""Thành phố Ánh sáng"", được kỳ vọng trở thành biểu tượng đô thị mới của xứ Thanh trong tương lai.","TIN MỚI
Buổi lễ có sự tham dự của lãnh đạo tỉnh Thanh Hóa, đại diện các sở, ban, ngành địa phương cùng đại diện chủ đầu tư, đơn vị phát triển dự án Eurowindow Holding, các đơn vị tư vấn, tổng thầu thi công, đối tác chiến lược, ngân hàng, đơn vị phân phối bất động sản và đông đảo cơ quan báo chí, truyền hình.
Lễ khởi công dự án Eurowindow Light City có sự tham gia của lãnh đạo tỉnh Thanh Hóa, lãnh đạo địa phương cùng đông đảo đối tác và khách mời.
Phát biểu tại sự kiện, ông Mai Xuân Liêm – Ủy viên Ban Thường vụ Tỉnh ủy, Phó Chủ tịch Thường trực UBND tỉnh Thanh Hóa đánh giá cao năng lực, kinh nghiệm và tầm nhìn phát triển đô thị của Eurowindow Holding. Theo ông, khi hoàn thành và đi vào hoạt động, dự án sẽ góp phần thay đổi mạnh mẽ diện mạo kiến trúc đô thị khu vực bờ Bắc sông Mã, tạo nên không gian sống xanh, hiện đại và đẳng cấp.
Lãnh đạo tỉnh cũng nhấn mạnh, dự án lấy cảm hứng từ văn hó"
T025,2025-11-19T07:58:00,‘Cú tất tay’ gần 50 tỷ USD với loạt khu đô thị lớn như thành phố của Vingroup,"Sự bùng nổ của các dự án siêu quy mô hàng nghìn ha đang định hình lại bản đồ phát triển bất động sản Việt Nam. Tiên phong trong cuộc chạy đua này là Tập đoàn Vingroup, khi chỉ trong năm 2025 và 2026 sẽ khởi công 4 khu đô thị lớn với tổng vốn đầu tư 40 tỷ USD.","TIN MỚI
Hiện xu hướng làm đại đô thị rộng hàng nghìn ha ngày càng nở rộ. Theo ông Võ Hồng Thắng, Giám đốc đầu tư Công ty DKRA Group thì hai khoản chi phí lớn nhất của một dự án bất động sản là giải phóng mặt bằng và tiền sử dụng đất. Hiện giá bất động sản tại khu vực trung tâm tăng nhanh, kéo theo chi phí đầu vào của dự án tăng cao.
Chính vì vậy, các doanh nghiệp buộc phải đi theo hai hướng: Hoặc phát triển các dự án cao tầng tại đô thị lớn như Hà Nội, TP.HCM, Hải Phòng, Đà Nẵng... hoặc phải mở rộng ra các khu vực xa trung tâm, cách 30-100 km, theo mô hình phát triển đô thị TOD (đô thị gắn với giao thông công cộng).
Còn theo TS. Nguyễn Văn Đính - Phó Chủ tịch Hiệp hội Bất động sản Việt Nam (VNREA), Chủ tịch Hội Môi giới Bất động sản Việt Nam (VARS) thì việc các đại dự án gia nhập thị trường là xu hướng tất yếu trong tiến trình phát triển bất động sản.
Các đô thị nhỏ, truyền thống hầu hết"
T026,2026-07-10T06:59:00,"Nhà trong ngõ rao bán nửa năm vẫn ế, chủ nhà giảm giá trăm triệu đồng, môi giới vẫn than: “Khó bán!”","Dù nhiều chủ nhà trong ngõ tại Hà Nội chấp nhận giảm giá hàng trăm triệu đồng, thị trường vẫn ảm đạm do người mua e ngại lãi suất và mức giá neo cao.","TIN MỚI
Nhiều chủ nhà trong ngõ hiện đã chấp nhận giảm giá từ 300-500 triệu đồng/căn để bán nhanh. Tuy nhiên, nhiều khách hàng tới xem vẫn “lắc đầu” ra về.
Đơn cử, một căn nhà nằm trong ngõ ở phố Phú Đô, Hà Nội đầu năm được rao bán với giá 9,7 tỷ đồng, nay giá đã hạ xuống 9,1 tỷ đồng nhưng vẫn chưa bán được. Song, môi giới cho biết, căn nhà này không phải cắt lỗ, mà do chủ nhà hạ giá để bán nhanh.
“Căn nhà này được chủ mua từ năm 2020 với giá hơn 4 tỷ đồng. Hiện chủ cần mua nhà mới nên mong muốn sẽ chốt được sớm nên hạ giá. Dù vậy nhưng từ thời điểm hạ giá tới nay đã 3 tháng nhưng khách vẫn chỉ tới xem rồi ra về”, môi giới nói.
Anh Trường Giang - chủ phòng giao dịch bất động sản Thành Đạt Land nói: “Chưa bao giờ tôi thấy thị trường khó bán như hiện nay. Ngoài yếu tố giá còn cao thì tâm lý người mua sợ lãi suất. Nhiều người hiện đã tạm dừng kế hoạch mua nhà và chờ đợi thêm. Chính điều này"
T027,2026-06-10T09:28:00,Cần tái cấu trúc dòng vốn cho thị trường bất động sản?," TS. Nguyễn Văn Lộc - Giám đốc Chương trình đào tạo kinh doanh thương mại, Đại học Phenikaa - cho rằng, bài toán hiện nay không phải là đưa lãi suất trở lại mức thấp như giai đoạn trước, mà là tái thiết kế cấu trúc dòng vốn theo hướng hợp lý hơn.","TIN MỚI
Thị trường bước vào giai đoạn thanh lọc
Trao đổi với
PV Tiền Phong
, PGS,TS. Nguyễn Văn Phương - Giảng viên Trường Đại học Kinh tế, Đại học Quốc gia Hà Nội - cho biết, mặt bằng lãi suất năm 2026 đang ở vùng cao nhất trong nhiều năm trở lại đây, đặc biệt là đối với các khoản vay mua nhà và vay phục vụ hoạt động bất động sản. Khác với giai đoạn siết tín dụng trước đây, hiện nay     tín dụng bất động sản    không bị “đóng cửa”, tuy nhiên chi phí vốn tăng mạnh khiến cả người mua nhà lẫn doanh nghiệp địa ốc phải đối mặt với áp lực tài chính lớn hơn đáng kể.
Theo ông Phương, nếu như trong năm 2024 và đầu năm 2025, lãi suất vay mua nhà phổ biến chỉ dao động 6-8%/năm thì từ cuối năm 2025 đến nay, nhiều ngân hàng đã điều chỉnh tăng mạnh. Tại nhóm ngân hàng lớn, lãi suất ưu đãi trong thời gian đầu hiện phổ biến quanh 9,6-10%/năm, sau đó chuyển sang cơ chế thả nổi. Trong khi đó, tại nhiều n"
T028,2026-07-17T21:31:00,"T&T muốn phát triển mô hình ""đô thị tri thức"" tại một tỉnh miền Tây Nam Bộ","Theo ông Đỗ Vinh Quang, định hướng lâu dài của doanh nghiệp là phát triển mô hình ""đô thị tri thức"", trong đó tri thức được hiểu theo nghĩa rộng, bao gồm công nghệ, đổi mới sáng tạo, văn hóa, lịch sử và bản sắc địa phương.","TIN MỚI
Ông Đỗ Vinh Quang, Phó Chủ tịch HĐQT Tập đoàn T&T Group, Chủ tịch HĐQT Công ty Cổ phần Bất động sản T&T Homes.
Tại tọa đàm và công bố Báo cáo thị trường: “Bất động sản đô thị tỉnh Vĩnh Long 2026 - 2030: Bứt phá trong không gian phát triển mới”, TS. Nguyễn Văn Đính, Phó Chủ tịch Hiệp hội Bất động sản Việt Nam (VNREA) cho rằng, thị trường bất động sản đang có dấu hiệu trái chiều khi nguồn cung tăng nhưng khả năng hấp thụ thì đang giảm. Cùng kỳ này năm ngoái, các dự án khi ra hàng có thể “cháy hàng” luôn, nhưng năm nay đã có sự chậm lại.
TS. Nguyễn Văn Đính, Phó Chủ tịch Hiệp hội Bất động sản Việt Nam (VNREA).
Nguyên nhân ở đây có 2 vấn đề. Thứ nhất là do cầu. Cầu hiện nay đã chuyển hướng từ đón sóng sang đón giá trị. Như vậy, không còn hoạt động thu lợi ngắn hạn. Nhu cầu thực đang trở thành động lực chính dẫn dắt thị trường. Với giá bất động sản, hiện nay cũng có sự phân hoá rất rõ"
T029,2025-12-05T09:06:00,"""Giả nghèo"" để trục lợi nhà ở xã hội","Hàng loạt trường hợp kê khai hồ sơ gian dối, thiếu minh bạch nhằm đủ điều kiện đăng ký mua nhà ở xã hội tại TP Hải Phòng vừa bị cơ quan chức năng phát hiện","TIN MỚI
Thanh tra TP Hải Phòng vừa công bố kết luận thanh tra tại 4 dự án nhà ở xã hội, cho thấy gần 10% hồ sơ được kiểm tra không đủ điều kiện mua nhà theo quy định. Đây là vấn đề mà dư luận người dân địa phương rất quan tâm thời gian qua.
""Vỏ bọc"" thu nhập thấp
Theo Thanh tra TP Hải Phòng, cơ quan chức năng đã kiểm tra xác suất 155 hồ sơ tại 3 dự án nhà ở xã hội: 384 Lê Thánh Tông, Tổng kho 3 Lạc Viên (đều tại phường Ngô Quyền), 39 Lương Khánh Thiện (phường Gia Viên) và khu chung cư cho người thu nhập thấp An Đồng (phường An Hải).
Tại dự án khu nhà ở xã hội 39 Lương Khánh Thiện do Công ty CP Toa xe Hải Phòng làm chủ đầu tư, trong 50 hồ sơ kiểm tra, cơ quan chức năng phát hiện 2 trường hợp gian dối. Cụ thể, bà Nguyễn Thị T. và chồng - ông Lương Mạnh T. - kê khai làm việc tại Công ty S., song thực tế không làm việc, không hưởng lương ở đây. Còn ông Lưu Quang T. kê khai thu nhập dưới 15 t"
T030,2026-02-23T18:15:00,Thái Nguyên khởi công 2 dự án nhà ở xã hội với gần 1.600 căn hộ,"Tỉnh Thái Nguyên tổ chức khởi công 2 dự án nhà ở xã hội với 1.596 căn hộ. Trong đó, riêng dự án Nhà ở xã hội TNG Việt Bắc có 1.029 căn với tổng mức đầu tư 1.230 tỷ đồng.","TIN MỚI
Ngày 23/2, Công ty Cổ phần Đầu tư và Phát triển nhà Phú Bình tổ chức lễ khởi công Dự án khu     nhà ở xã hội    Điềm Thụy (xã Điềm Thụy,     tỉnh Thái Nguyên    ).
Dự án Công ty cổ phần Đầu tư và Phát triển nhà Phú Bình làm chủ đầu tư, có diện tích khoảng 4,19ha với tổng mức đầu tư hơn 866 tỷ đồng.
Dự án gồm 567 căn hộ chung cư nhà ở xã hội cùng các hạng mục hạ tầng đồng bộ như trường mầm non, công trình thương mại - dịch vụ, bãi đỗ xe và hệ thống     hạ tầng    kỹ thuật.
Các đại biểu thực hiện nghi thức khởi công dự án
* Cùng ngày, Công ty Cổ phần TNG Land tổ chức khởi công dự án Nhà ở xã hội TNG Việt Bắc (phường Tích Lương, tỉnh Thái Nguyên).
Theo đó, dự án có diện tích sử dụng đất khoảng 1,89 ha do Công ty cổ phần TNG Land làm chủ đầu tư với tổng mức đầu tư hơn 1.230 tỷ đồng.
Dự án có quy mô khoảng 1.029 căn hộ nhà ở xã hội cùng các hạng mục đồng bộ như nhà trẻ, không gian sin"
T031,2026-04-04T08:00:00,"Có một căn hộ đầu tư dòng tiền ""không bao giờ lỗi thời"" tại cửa ngõ trung tâm Thái Nguyên","Thái Nguyên đang bứt phá mạnh mẽ về công nghiệp và thu hút FDI, kéo theo nhu cầu lớn về nhà ở chất lượng cao. Trong bối cảnh đó, một khu căn hộ cao cấp đã vận hành ổn định đang nổi lên như lựa chọn vừa phù hợp để an cư, vừa có khả năng khai thác dòng tiền bền vững.","TIN MỚI
Thái Nguyên dẫn đầu cả nước về thu hút vốn FDI đầu năm 2026
Làn sóng dịch chuyển sản xuất toàn cầu đang đưa Thái Nguyên trở thành một trong những  khẳng định vị thế là một trong những ""thủ phủ công nghiệp"" năng động nhất miền Bắc.
Theo ghi nhận, chỉ trong 2 tháng đầu năm 2026 Thái Nguyên đã thu hút hơn 1,65 tỷ USD vốn đầu tư nước ngoài, vượt qua TP HCM và Bắc Ninh để vươn lên dẫn đầu cả nước. Lũy kế đạt hơn 11,9 tỷ USD với 263 dự án còn hiệu lực.
Trong đó, sự hiện diện của các tập đoàn lớn như Samsung, Dongwha (Hàn Quốc), hay Trina Solar, Huali (Trung Quốc) tại Thái Nguyên tiếp tục kéo theo nhu cầu lớn về nhà ở cho chuyên gia, tạo lực đẩy trực tiếp cho thị trường căn hộ cho thuê cao cấp tại địa phương này.
Thái Nguyên dẫn đầu cả nước về vốn đăng ký FDI (Nguồn số liệu: Cục Đầu tư nước ngoài (FIA))
Tecco Elite City - Tâm điểm an cư hút khách thuê chuyên gia
Trong bối cảnh Thái Nguy"
T032,2026-08-04T07:45:00,Dự án hơn 6.000 tỷ đồng từng liên quan đến Tập đoàn FLC tại một tỉnh phía Bắc có diễn biến quan trọng,Lãnh đạo tỉnh Phú Thọ vừa có chỉ đạo mới nhằm giải quyết kiến nghị của Tập đoàn FLC tại Dự án Khu đô thị sinh thái và thể thao Việt Trì.,"TIN MỚI
UBND tỉnh Phú Thọ vừa ban hành Thông báo số 503/TB-UBND về kết luận của Phó Chủ tịch UBND tỉnh Nguyễn Huy Ngọc tại hội nghị nghe Sở Tài chính và các cơ quan, đơn vị liên quan báo cáo, đề xuất giải quyết kiến nghị của Công ty Cổ phần Tập đoàn FLC.
Trước đó, ngày 24/7/2026, Phó Chủ tịch UBND tỉnh Nguyễn Huy Ngọc đã chủ trì hội nghị nghe báo cáo, đề xuất giải quyết kiến nghị của Công ty Cổ phần Tập đoàn FLC.
Dự án Khu đô thị sinh thái và thể thao Việt Trì được Tỉnh Phú Thọ xác định là một trong những dự án trọng điểm cần tập trung đẩy nhanh việc tháo gỡ các tồn tại, vướng mắc để dự án sớm triển khai.﻿
Tại cuộc họp, các sở, ngành, địa phương và Công ty TNHH Bất động
sản Tam Nông - Phú Thọ và Công ty Cổ phần tập đoàn FLC đều đồng thuận và nhất trí cao với phương án hai doanh nghiệp tự thỏa thuận để thanh toán các chi phí mà Công ty Cổ phần Tập đoàn FLC đã tạm ứng kinh phí phục vụ công"
T033,2026-04-09T10:01:00,Căn hộ trên 110 triệu đồng/m² chiếm hơn nửa nguồn cung mới,"Tình trạng thiếu hụt nguồn cung nhà ở vừa túi tiền ngày càng rõ nét, khi giá bán sơ cấp trung bình đạt khoảng 102 triệu đồng/m2, trong đó 56% nguồn cung thuộc phân khúc trên 110 triệu đồng/m2, còn sản phẩm dưới 50 triệu đồng/m2 chỉ chiếm khoảng 12%.","TIN MỚI
Hai thái cực
Báo cáo thị trường nhà ở của JLL cho thấy, trong quý I/2026, thị trường căn hộ cao cấp ghi nhận 1.338 căn hộ mới, chủ yếu đến từ các dự án quy mô lớn như Vinhomes Grand Park (The Beverly - Opus One) và The Global City (Lumière Midtown).
Ngoài ra, một số dự án bắt đầu triển khai bán hàng sớm, tiêu biểu là Masteri Park Place. Giá bán sơ cấp trung bình đạt 4.148 USD/m2 (tương đương 112 triệu đồng/m2), tăng hơn 7% so với cùng kỳ.
Quý I/2026, nguồn cung căn hộ mới phần lớn đến từ dự án The Global City (Lumière Midtown).
Ở phân khúc nhà liền thổ, thị trường không ghi nhận nguồn cung mới trong quý, do sự chậm trễ trong quá trình hoàn tất thủ tục pháp lý tại các dự án đã mở bán thử nghiệm. Dù vậy, thị trường vẫn ghi nhận 562 giao dịch, chủ yếu đến từ nguồn hàng hiện hữu tại các dự án như Vinhomes Green Paradise và The Gladia. Giá bán sơ cấp trung bình đạt 3.311 USD/m2 (tương"
T034,2025-12-09T10:48:00,Khu đô thị quốc tế Đa Phước thi công trở lại,Hoạt động thi công được một số công nhân thực hiện bên trong công trình dang dở bỏ hoang nhiều năm qua tại dự án Khu đô thị quốc tế Đa Phước.,"TIN MỚI
Khu đô thị quốc tế Đa Phước nằm ven biển đường Nguyễn Tất Thành, thuộc địa bàn các phường Hải Châu và Thanh Khê (TP Đà Nẵng).
Nhiều năm qua, dự án vướng vào các bản án liên quan đến Phan Văn Anh Vũ, khiến toàn bộ quá trình thi công đình trệ, nhiều hạng mục biệt thự và nhà phố bị bỏ dở.
Nhiều công trình thi công trở lại bên trong dự án Đa Phước
Tại dãy nhà phố bị bỏ hoang lâu nay, nhiều công nhân đưa máy trộn bê tông, vật liệu xây dựng đến để thi công
Dù thi công trở lại nhưng hoạt động không rầm rộ, ở dãy nhà này, ghi nhận có khoảng 3 công nhân
Hiện ghi nhận thực tế cho thấy có ít nhất hai khối nhà được thi công trở lại. Một số công nhân làm việc bên trong cùng lượng máy móc hạn chế, trong khi các khối nhà còn lại vẫn trong tình trạng dang dở và chưa có dấu hiệu triển khai thêm.
Một tòa nhà cao tầng nằm sát biển, công nhân đang thi công xây tường gạch ở tầng 5, vật liệu được chuy"
T035,2025-10-22T07:10:00,"Toàn cảnh cầu 5.000 tỷ đang thành hình, kết nối điểm nóng bất động sản với cụm cảng lớn thứ 2 Việt Nam","Cầu Phước An giúp rút ngắn hơn 20 km quãng đường từ Nhơn Trạch đến cụm cảng Cái Mép - Thị Vải. Dù đang xây dựng, nó đã góp phần làm tăng giá đất nền và nhà phố khu công nghiệp xung quanh lên 10–15% trong quý 3.","TIN MỚI
Cầu Phước An bắc qua sông Thị Vải nối thị xã Phú Mỹ (tỉnh Bà Rịa - Vũng Tàu cũ) với huyện Nhơn Trạch (tỉnh Đồng Nai cũ). Khi hoàn thành, cây cầu sẽ kết nối cụm cảng lớn thứ hai Việt Nam (Cái Mép - Thị Vải) với Nhơn Trạch - nơi từng là huyện có 9 khu công nghiệp, nhiều nhất cả nước.
Không chỉ là mắt xích quan trọng giúp rút ngắn đường vận chuyển hàng hóa giữa TP.HCM, Đồng Nai và cụm cảng nước sâu, cầu Phước An còn tạo thêm lợi thế cho hàng loạt dự án lớn như Swanbay đảo Đại Phước, Swan Park,  Eco Village Saigon River…
Những dự án này vốn đã được hưởng lợi kết nối về phía trung tâm TP.HCM từ cầu
Nhơn Trạch
và đường vành đai 3. Nay với cầu Phước An, các dự án sẽ có thêm thuận lợi khi kết nối với khu vực Vũng Tàu cũ. Theo môi giới địa phương, giá đất nền và nhà phố khu công nghiệp tăng 10–15% trong quý III/2025, đặc biệt tại các vị trí sát đường 319 và đường dẫn cầu Phước An.
Dự án c"
T036,2026-07-16T13:27:00,Đắk Lắk xác minh hoạt động môi giới tại khu đất tự xưng 'Làng An Yên 38 hộ dân',"Công an xã Ea Kiết (tỉnh Đắk Lắk) đang xác minh hoạt động quảng bá, môi giới liên quan đến khu đất được giới thiệu là ""Làng An Yên 38 hộ dân"" tại Buôn Thái.","TIN MỚI
Thông tin trên được UBND xã Ea Kiết nêu trong thông báo chính thức về kết quả kiểm tra, xác minh đối với khu đất tại Buôn Thái đang được giới thiệu với các tên gọi “Làng An Yên”, “Làng An Yên 38 hộ dân” hoặc “Dự án Làng An Yên 38 hộ dân”.
Theo UBND xã Ea Kiết, thời gian qua, trên các nền tảng mạng xã hội và một số kênh thông tin xuất hiện nhiều bài viết, video quảng bá khu đất này kèm theo sơ đồ phân lô, phối cảnh nhà ở, hình ảnh đường giao thông, công trình xây dựng và nhiều nội dung giới thiệu như một dự án khu dân cư. Trước thông tin trên, địa phương đã thành lập đoàn kiểm tra để rà soát hồ sơ và kiểm tra thực địa.
Khu đất được gọi “Làng An Yên”.
Qua rà soát hồ sơ địa chính, tài liệu quản lý đất đai và kiểm tra thực tế ngày 13/7, UBND xã Ea Kiết xác định đến thời điểm hiện tại trên địa bàn chưa có bất kỳ dự án đầu tư, khu dân cư, dự án nhà ở hoặc dự án kinh doanh bất động sản "
T037,2026-02-14T08:47:00,"Tin vui cho người dân Hà Nội: Hiếm hoi xuất hiện dự án nhà xã hội có giá dưới 20 triệu/m2, gần 650 căn được bán ra",Vị trí dự án nhà ở xã hội tại khu nhà ở đô thị Kim Hoa cách trung tâm Hà Nội khoảng 30 km.,"TIN MỚI
Theo thông tin Sở Xây dựng Hà Nội vừa công bố, dự án nhà ở xã hội tại khu nhà ở đô thị Kim Hoa (tên cũ là khu nhà ở cho người thu nhập thấp phục vụ Khu công nghiệp Kim Hoa – Phúc Thắng) tiếp nhận hồ sơ đăng ký mua.
Vị trí dự án nhà ở xã hội tại khu nhà ở đô thị Kim Hoa.
Dự án được xây dựng trên khu đất rộng hơn 93.100 m2, gồm 720 căn hộ, trong đó 648 căn để bán, 72 thuê mua do Công ty TNHH Thương mại và Xây dựng Thân Hà làm chủ đầu tư.
Tại đợt mở bán đầu tiên, chủ đầu tư cung cấp ra thị trường 240 căn hộ tại tòa CT2. Đơn giá bán căn hộ khoảng 19,8 triệu đồng mỗi m2, đã gồm VAT nhưng chưa có phí bảo trì.
Theo thông báo, chủ đầu tư tiếp nhận hồ sơ đăng ký mua nhà đến hết ngày 20/3 và dự kiến ký hợp đồng mua bán từ ngày 10/4. Tòa CT2 dự kiến bàn giao vào quý II/2027.
Dự án khởi công từ tháng 5/2023, tổng vốn đầu tư gần 1.300 tỷ đồng, quy mô hơn 3,4ha. Toàn khu được quy hoạch trên 4 "
T038,2026-03-21T08:07:00,"MIK Group ""tổng tấn công"" thị trường BĐS 2026 bằng 3 mũi nhọn, 20 dự án trọng điểm trên quỹ đất 1.400 ha","Ông Nguyễn Dũng Minh - Phó Tổng Giám đốc MIK Group cho biết, MIK Group định hướng phát triển theo hướng bền bỉ và chuẩn mực, tương tự cách Toyota xây dựng vị thế trong ngành ô tô.","TIN MỚI
Ngày 20/3/2026 tại Khách sạn Fairmont Hanoi, MIK Group tổ chức sự kiện MIK Partnership Summit 2026 với chủ đề ""One Vision. Bolder Moves"", đồng thời chia sẻ định hướng phát triển mới, đánh dấu bước chuyển mình quan trọng trong giai đoạn tăng trưởng tiếp theo.
Tại sự kiện, ông Nguyễn Dũng Minh - Phó Tổng Giám đốc MIK Group cho biết, chiến lược phát triển của Tập đoàn được xây dựng trên ba trụ cột cốt lõi: mở rộng quy mô, tối ưu hiệu quả và tăng cường hợp tác với các đối tác hàng đầu. Đây là định hướng xuyên suốt cho giai đoạn mới khi thị trường bất động sản ngày càng đặt ra yêu cầu cao hơn về chất lượng và tiêu chuẩn phát triển đô thị.
Về quy mô, MIK Group tập trung xây dựng các khu đô thị hoàn chỉnh, đáp ứng trọn vẹn nhu cầu của cư dân với hệ tiện ích đồng bộ và giá trị gia tăng bền vững. Giai đoạn tới, doanh nghiệp dự kiến triển khai hơn 20 dự án trọng điểm trên quỹ đất khoảng 1."
T039,2026-04-10T20:23:00,Áp lực lãi suất kéo thị trường bất động sản TP.HCM “giảm nhiệt” trong quý 1/2026,"DKRA Consulting vừa công bố báo cáo thị trường bất động sản nhà ở TP.HCM và vùng phụ cận quý 1/2026, cho thấy bức tranh kém sôi động khi thanh khoản suy yếu, nguồn cung sụt giảm và tâm lý nhà đầu tư trở nên thận trọng hơn.","TIN MỚI
Theo dữ liệu từ đơn vị nghiên cứu thị trường này, trong 3 tháng đầu năm, thị trường ghi nhận xu hướng giảm nhẹ ở hầu hết các phân khúc, cả về nguồn cung lẫn sức cầu. Giao dịch chủ yếu tập trung tại các dự án đã hoàn thiện pháp lý, hạ tầng, đồng thời được phát triển bởi những chủ đầu tư có uy tín. Trong bối cảnh dòng tiền có dấu hiệu “né” rủi ro, nhiều doanh nghiệp buộc phải triển khai các chính sách ưu đãi để kích cầu.
Phân khúc đất nền tiếp tục trầm lắng khi tỷ lệ tiêu thụ chỉ đạt khoảng 3% tổng nguồn cung, giảm tới 50% so với quý trước. Lãi suất biến động và chính sách kiểm soát tín dụng được xem là nguyên nhân chính khiến nhà đầu tư hạn chế sử dụng đòn bẩy tài chính.
Ở phân khúc căn hộ, nguồn cung sơ cấp giảm 25%, thanh khoản chững lại do ảnh hưởng của kỳ nghỉ Tết kéo dài cùng mặt bằng lãi suất cao. Dù vậy, giá bán vẫn tăng từ 3–5% do áp lực chi phí đầu vào. Tương tự, nhà phố "
T040,2026-04-22T14:04:00,"Sau khảo sát ‘trả nhà lấy tiền’, dân chung cư HH Linh Đàm lại nhận thông báo thu phí bảo trì","Ngay sau khi vừa được lấy ý kiến, khảo sát về việc “trả nhà lấy tiền” hoặc “chuyển sang nơi khác” cư dân khu chung cư HH Linh Đàm- khu ""chung cư vạn dân"", tiếp tục nhận được thông báo về việc thu kinh phí bảo trì phần sở hữu chung nhà chung cư.","TIN MỚI
Hàng nghìn căn hộ phải đóng phí bảo trì
Nhiều cư dân chung cư HH Linh Đàm, phường Hoàng Liệt (Hà Nội) cho biết, những ngày gần đây bất ngờ nhận được thông báo thu kinh phí bảo trì phần sở hữu chung nhà chung cư (2%) từ Doanh nghiệp tư nhân Xây dựng số 1 tỉnh Điện Biên - Chi nhánh Dịch vụ nhà ở Linh Đàm. Theo thông báo, thời hạn nộp phí bảo trì là trước ngày 31/5.
Điều đáng nói, một số cư dân cho biết, dù đã đóng phí bảo trì 2% nhưng vẫn tiếp tục nhận được thông báo thu phí nên rất hoang mang.
Cư dân khu chung cư HH Linh Đàm (phường Hoàng Liệt, Hà Nội), bất ngờ nhận được thông báo về việc thu kinh phí bảo trì phần sở hữu chung nhà chung cư (2%) ngay sau khi vừa được lấy ý kiến, khảo sát về hướng xử lý liên quan sai phạm của chủ đầu tư. Ảnh: Đình Phong.
""Gia đình tôi đã đóng phí 2% từ năm 2015 - thời điểm nhận bàn giao nhà, hiện vẫn còn giữ giấy nộp tiền phí bảo trì nhưng lại nhận "
T041,2026-05-28T19:30:00,CapitaLand Development ra mắt dự án hạng sang Maison Privée tại Hà Nội,"CapitaLand Development ra mắt Maison Privée tại khu đô thị Ciputra. Hợp tác cùng Mitsubishi Estate và Nomura Real Estate Development, dự án cung cấp 490 căn hộ hạng sang, tổng giá trị phát triển khoảng 450 triệu USD.","TIN MỚI
Maison Privée sở hữu vị trí trung tâm đắc địa trên diện tích rộng 0,8 ha. Lấy cảm hứng từ tên gọi mang ý nghĩa ""tư dinh"" trong tiếng Pháp, dự án kiến tạo không gian sống biệt lập, riêng tư cùng trải nghiệm an cư tinh tế và độc bản cho gia chủ. Bên cạnh đó, dự án cũng sở hữu khả năng kết nối giao thông thuận tiện tới những tuyến đường huyết mạch như Vành đai 2 và Vành đai 3, giúp cư dân dễ dàng di chuyển tới sân bay quốc tế Nội Bài trong khoảng 20 phút và đến trung tâm Thủ đô trong khoảng 15 phút. Theo kế hoạch, dự án sẽ chính thức khởi công vào Quý 3-2026 và dự kiến hoàn thành vào Quý 1-2029.
Phối cảnh Maison Privée, dự án nhà ở hạng sang mới nhất của CapitaLand Development tại khu đô thị Ciputra
Ông Tan Wee Hsien, Tổng Giám đốc CapitaLand Development Việt Nam và Quốc tế, chia sẻ: ""CLD hân hạnh giới thiệu Maison Privée, biểu tượng mới cho phân khúc căn hộ hạng sang độc bản tại Hà"
T042,2026-03-20T19:30:00,Hado Charm Villas trở thành điểm sáng đầu tư của Hà Nội với tọa độ chiến lược giữa New CBD phía Tây,"Khi thị trường bất động sản bước vào giai đoạn tái cấu trúc, dòng tiền sẽ ưu tiên những khu vực hội tụ quy hoạch rõ ràng, hạ tầng dẫn dắt và sản phẩm hiện hữu. Tại Hà Nội, phía Tây đang nổi lên như “New CBD”, nơi các dự án nằm ở vị trí lõi dần trở thành tâm điểm của nhà đầu tư trung và dài hạn.","TIN MỚI
Cực tăng trưởng phía Tây và mạng lưới hạ tầng định hình mặt bằng giá mới
Sự trỗi dậy của phía Tây Hà Nội là kết quả của một chiến lược phát triển đô thị dài hạn. Việc khu vực Hòa Lạc được định hướng trở thành trung tâm khoa học - công nghệ quốc gia đang kéo theo làn sóng dịch chuyển về hành chính, nguồn nhân lực chất lượng cao và dòng vốn đầu tư.
Trục phát triển này được dẫn dắt bởi Đại lộ Thăng Long, tuyến giao thông huyết mạch kết nối trung tâm hiện hữu với đô thị vệ tinh Hòa Lạc. Khi kết hợp với các tuyến vành đai và hệ thống giao thông liên khu, khu vực phía Tây đang dần hình thành một cấu trúc đô thị đa trung tâm - xu hướng đã diễn ra tại nhiều thành phố lớn trên thế giới. Đáng chú ý, loạt hạ tầng quy mô lớn đang được triển khai đồng bộ, tạo nên ""cú hích kép"" cho toàn khu vực. Tuyến Vành đai 4, hành lang kinh tế liên vùng giúp mở rộng khả năng kết nối giữa Hà Nội và các tỉnh"
T043,2026-04-02T08:01:00,Căn hộ 'tăng nhiệt' thị trường BĐS Đà Nẵng,"Những tháng đầu năm 2026, dòng tiền trên thị trường bất động sản (BĐS) Đà Nẵng chảy mạnh vào phân khúc căn hộ khi thanh khoản đạt 47% nguồn cung sơ cấp. Phân khúc này tiếp tục dẫn dắt thị trường trong bối cảnh nhiều loại hình khác còn trầm lắng.","TIN MỚI
Đất nền ""chững nhịp"", căn hộ vẫn ""nóng""
Theo báo cáo của DKRA, trong 2 tháng đầu năm 2026, tại     thị trường Đà Nẵng    , nguồn cung sơ cấp phân khúc đất nền ghi nhận tăng nhẹ (khoảng 3%) so với cùng kỳ. Thị trường sơ cấp có 14 dự án với khoảng hơn 1.500 nền. Bên cạnh đó, nguồn cung mới tiếp tục tình trạng khan hiếm khi chỉ chiếm khoảng 5% trên tổng cung sơ cấp.
Phân khúc đất nền Đà Nẵng ""chững nhịp"" trong những tháng đầu năm. Ảnh: Giang Thanh
Tuy nhiên, sức cầu chung duy trì ở mức thấp, lượng tiêu thụ chỉ đạt khoảng 3% trên tổng cung sơ cấp. Theo đó, giao dịch tập trung chủ yếu ở nhóm sản phẩm có mức giá trung bình dưới 20 triệu đồng/m2 thuộc khu vực Quảng Nam cũ, nổi bật là các khu vực phường Điện Bàn Đông, phường Hội An Tây…
Mặt bằng giá sơ cấp duy trì xu hướng đi ngang và vẫn neo ở mức cao do tác động của các loại chi phí đầu vào. Giá thứ cấp ghi nhận mức tăng trung bình (kh"
T044,2026-01-13T10:00:00,"Kinh tế vào chu kỳ tăng trưởng mới, dòng tiền dịch chuyển về phía Tây Thủ đô","Khi kinh tế Việt Nam bước vào chu kỳ tăng trưởng mới, thị trường bất động sản cũng đang tái cấu trúc theo hướng chọn lọc và bền vững hơn. Dòng vốn rời xa các cơn sốt ngắn hạn để tìm đến những khu vực có quy hoạch dài hạn, hạ tầng thực chất và dư địa tăng trưởng.","TIN MỚI
Kinh tế vào chu kỳ mới, bất động sản ""đổi pha""
Trong các định hướng phát triển giai đoạn tới, Việt Nam đặt mục tiêu tăng trưởng GDP bình quân khoảng 10%/năm từ năm 2026, một mức tăng thể hiện quyết tâm chuyển nền kinh tế sang quỹ đạo phát triển nhanh hơn, dựa trên các trụ cột mới như đầu tư hạ tầng quy mô lớn, thu hút FDI thế hệ mới, phát triển kinh tế số, kinh tế xanh và nâng cao năng suất nội tại.
Sự kết hợp giữa đầu tư công dẫn dắt, khu vực tư nhân năng động và dòng vốn FDI chất lượng cao đang hình thành các hành lang kinh tế, trung tâm sản xuất mới và các vùng đô thị vệ tinh. Điều này kéo theo sự dịch chuyển của lao động, dân cư và dòng vốn đầu tư, trong đó bất động sản tiếp tục là lĩnh vực phản ánh sớm và rõ nét nhất.
Tuy nhiên, khác với các chu kỳ trước, dòng vốn trên thị trường đang trở nên chọn lọc hơn, ưu tiên các khu vực có quy hoạch rõ ràng, hạ tầng thực chất và nhu cầ"
T045,2025-11-07T08:19:00,"Không nên vay quá 50% giá trị nhà, vì sao?","Các nhà môi giới bất động sản cảnh báo: Người dân chỉ nên vay tối đa 50% giá trị tài sản, tránh phụ thuộc hoàn toàn vào vốn vay, đồng thời cần chọn dự án của chủ đầu tư uy tín, có năng lực tài chính và pháp lý rõ ràng, nhất là với nhà ở hình thành trong tương lai để tránh rủi ro.","TIN MỚI
Bài học 2011 - 2013
Theo Hội Môi giới Bất động sản Việt Nam (VARS), lãi suất huy động ở nhiều ngân hàng đang âm thầm tăng tại các kỳ hạn ngắn. Dù Ngân hàng Nhà nước vẫn duy trì chính sách hỗ trợ thanh khoản và chưa phát tín hiệu thắt chặt tiền tệ nhưng áp lực từ lạm phát và chính sách điều hành thận trọng của các ngân hàng trung ương lớn trên thế giới khiến dư địa duy trì lãi suất thấp dần thu hẹp.
VARS cho rằng, với một thị trường phụ thuộc lớn vào tín dụng như bất động sản, biến động lãi suất có thể tác động tức thì. Khi chi phí vay vốn tăng, nhóm khách hàng mua nhà bằng vốn vay sẽ phải cân nhắc kỹ kế hoạch tài chính. Nhà đầu tư trở nên dè dặt hơn khi lợi nhuận kỳ vọng khó bù đắp được chi phí vốn.
Áp lực lãi suất không chỉ đè lên doanh nghiệp mà còn ảnh hưởng trực tiếp đến người mua nhà vay vốn.
“Không chỉ người mua nhà chịu ảnh hưởng, doanh nghiệp phát triển dự án cũng phải đố"
T046,2026-01-20T15:27:00,"Cuộc chơi BĐS thay đổi: Hết thời ""lướt sóng"", thị trường cạnh tranh thực chất, dự án giá bán cao, thiếu pháp lý nguy cơ “đóng băng” giao dịch","Khi nguồn cung gia tăng trên diện rộng với nhiều lựa chọn hơn, thị trường bất động sản (BĐS) bắt đầu bước vào giai đoạn cạnh tranh thực chất.","TIN MỚI
Không ít dự án rơi vào tình trạng ""cháy hàng"", thậm chí phải trả chênh
Dữ liệu nghiên cứu của VARS cho thấy, năm 2025, toàn thị trường ghi nhận khoảng 128 nghìn sản phẩm mở bán mới, mức cao nhất trong giai đoạn 2019-2025 và tiệm cận “đỉnh” nguồn cung. Tuy nhiên, thị trường vẫn chưa được “giải khát” hoàn toàn. Bởi cơ cấu nguồn cung tiếp tục mất cân đối khi thiếu hụt nghiêm trọng các sản phẩm nhà ở có giá phù hợp, phần lớn nguồn cung mới lại đến từ các dự án căn hộ cao cấp và các sản phẩm thấp tầng có giá trị lớn. Đáng chú ý, khoảng 25% nguồn cung căn hộ có giá trên 100 triệu đồng/m2, tập trung chủ yếu ở một số chủ đầu tư lớn.
Trong bối cảnh đó, dù nguồn cung tăng nhanh, giá BĐS vẫn liên tục thiết lập mặt bằng mới. Khi đa phần các dự án mở bán mới đều được hấp thụ tốt, nhờ nhu cầu nhà ở bị nén trong nhiều năm, cùng với hàng loạt thông tin tích cực về triển vọng kinh tế, đầu tư hạ t"
T047,2025-12-25T16:38:00,"Thị trường bất động sản có gần 3.300 dự án, tổng mức đầu tư 7,4 triệu tỷ đồng","Thứ trưởng Bộ Xây dựng Nguyễn Văn Sinh cho biết, trên địa bàn cả nước có 3.297 dự án có quy mô 5,9 triệu căn và tổng mức đầu tư là 7,42 triệu tỷ đồng.","TIN MỚI
Phát biểu tại diễn đàn “Phát triển bền vững thị trường bất động sản giai đoạn mới – trao chứng nhận dự án đáng sống 2025”, PGS.TS Hồ Sỹ Hùng - Chủ tịch Liên đoàn Thương mại và Công nghiệp Việt Nam (VCCI) cho biết, bất động sản là một trong những thị trường có vị trí và vai trò quan trọng đối với nền kinh tế quốc dân, có quan hệ trực tiếp với các thị trường tài chính khác như: thị trường tiền tệ, thị trường lao động... Hoạt động đầu tư, kinh doanh bất động sản là một trong những ngành kinh tế mũi nhọn, góp phần tăng thu ngân sách và chiếm tỷ trọng đáng kể trong tổng sản phẩm quốc nội đối với một quốc gia.
Trong thời gian qua Chính phủ, Thủ tướng Chính phủ quan tâm, chỉ đạo quyết liệt triển khai nhiều giải pháp đồng bộ nhằm tháo gỡ khó khăn, kịp thời thúc đẩy các dự án đầu tư, tăng nguồn cung sản phẩm nhà ở, bất động sản ở các phân khúc"
T048,2026-04-21T13:10:00,Chung cư đông dân nhất Hà Nội “dậy sóng”,"Hơn 10 năm sinh sống trong tình trạng bức xúc vì chưa có “sổ hồng”, gần đây, cư dân tại chung cư HH Linh Đàm (phường Hoàng Liệt, TP Hà Nội) - chung cư có mật độ dân số đông nhất ở Hà Nội - không khỏi hoang mang bởi tờ “phiếu thu thập thông tin” được phát đến từng căn hộ. Trong phiếu có nội dung khiến người dân cảm thấy quyền lợi chính đáng của mình đang bị “đặt lên bàn cân” một cách khó lý giải.","TIN MỚI
Một tờ phiếu, nhiều nỗi lo
Ngày cuối tuần, tại các tòa nhà HH1, HH2, HH3, HH4 trong chung cư HH Linh Đàm, nhiều người dân tụ tập dưới sân chung cư để bàn tán, trao đổi về tờ phiếu khảo sát được phát tới các hộ dân nhằm thu thập thông tin liên quan đến việc xử lý sai phạm của chủ đầu tư là doanh nghiệp tư nhân số 1 tỉnh Điện Biên và Công ty cổ phần Sản xuất, xuất nhập khẩu Bemes. Trong nội dung phiếu khảo sát ghi nhận nguyện vọng của cư dân, với 2 phương án chính gồm: trả lại căn hộ để nhận lại tiền hoặc nhận căn hộ khác có giá trị tương đương tại Khu đô thị Thanh Hà; đồng thời cho phép cư dân đề xuất ý kiến khác.
Dù nội dung của tờ phiếu khảo sát đơn giản nhưng đang khiến cư dân nơi đây rất hoang mang. Anh Nguyễn Văn Nam, một cư dân sinh sống tại tòa nhà HH2 từ những ngày đầu bàn giao, bày tỏ: “ Gần 10 năm trước, gia đình tôi bỏ ra khoảng 1 tỷ đồng để mua căn hộ 50m
2
ở đây. Bây "
T049,2026-09-04T06:48:00,"Lễ tân, chăm sóc khách hàng, thợ sửa chữa…làm việc tại Tập đoàn lớn này sẽ được xét tặng căn hộ chung cư",Nhiều vị trí tại Sun Group đều được cam kết tặng nhà đối với cán bộ nhân viên có thâm niên theo chính sách “An cư lạc nghiệp”.,"TIN MỚI
Trong các tin tuyển dụng của Sun Group, nhiều vị trí như chăm sóc khách hàng, lễ tân hay thợ sửa chữa nhanh trong căn hộ đều thể được tập đoàn cấp nhà 100% giá trị theo chính sách “An cư lạc nghiệp”.
Cụ thể, trong một tin tuyển dụng chuyên viên chăm sóc khách hàng làm việc tại Đà Nẵng, TPHCM và Nghệ An ngoài việc được hưởng lương tháng 13, thưởng chất lượng công việc và doanh thu khối, Sun Group còn có phúc lợi vượt trội là tặng căn hộ thương mại miễn phí theo chính sách An cư lạc nghiệp đối với cán bộ nhân viên.
Tại một tin tuyển dụng chuyên viên chăm sóc khách hàng làm việc tại Hà Nội, Sun Group cũng ghi rõ quyền lợi của người lao động sẽ được hưởng chính sách An cư lạc nghiệp là cấp căn hộ 100% giá trị. Tương tự với các vị trí khác như kỹ thuật viên sửa chữa nhanh trong căn hộ làm việc tại Hà Nội cũng được hưởng chính sách tặng nhà của tập đoàn đối với cán bộ nhân viên có thâm"
T050,2026-02-23T19:54:00,"Đà Nẵng mở bán gần 400 căn nhà ở xã hội, giá chỉ từ 800 triệu đồng","Nhà ở xã hội tại dự án Ecohome Hòa Hiệp ở Đà Nẵng mở bán với giá từ hơn 800 triệu đồng đến 1,6 tỉ đồng","TIN MỚI
Sở Xây dựng TP Đà Nẵng vừa thông báo tiếp nhận hồ sơ đăng ký mua nhà ở xã hội tại dự án Ecohome Hòa Hiệp (khu đất B4-1, B4-2, Khu tái định cư Hòa Hiệp 4). Thời gian nhận hồ sơ từ ngày 18-3 đến 18-4.
Trong đợt mở bán này, chủ đầu tư chào bán 391 căn tại tòa nhà ở xã hộ với giá dự kiến 20,8 triệu đồng/m² (đã bao gồm VAT, chưa gồm phí bảo trì). Với diện tích từ 40-75m², mỗi căn có giá khoảng 812 triệu đồng đến 1,6 tỉ đồng.
Dự án Ecohome Hòa Hiệp nằm ở phía Tây Bắc của TP Đà Nẵng
Dự án tọa lạc trên địa bàn phường Hải Vân và Liên Chiểu, gồm 2 khối nhà ở xã hội với tổng cộng 1.476 căn cùng một khối nhà thương mại. Ngoài khu ở, dự án bố trí hơn 15.000m² cho cây xanh và bãi đỗ xe.
Đối tượng được đăng ký mua gồm người có công với cách mạng, người thu nhập thấp, hộ nghèo, cận nghèo tại đô thị, người lao động đang làm việc trong và ngoài khu công nghiệp cùng một số trường hợp theo quy định."
T051,2026-05-21T15:30:00,"Khi tốc độ đô thị hóa nhanh, ESG trở thành chuẩn giá trị BĐS","Đà Nẵng - Hội An đang bước vào một chu kỳ tăng trưởng mới của du lịch và đô thị hóa. Nhưng cùng lúc đó, thị trường cũng bắt đầu đặt ra một câu hỏi khác: điều gì sẽ giúp một bất động sản vẫn đáng sống, đáng đầu tư và không bị lỗi thời sau 10 hay 20 năm nữa?","TIN MỚI
Tăng trưởng không còn chỉ được đo bằng tốc độ phát triển
Nhiều năm nay, quy mô thường được xem là thước đo của một đô thị hiện đại. Những khu đô thị lớn hơn, nhiều tiện ích hơn, đông đúc hơn từng là biểu tượng cho tăng trưởng. Nhưng sau một thời gian phát triển nóng, nhiều thành phố trên thế giới cũng bắt đầu đối diện với mặt trái của quá trình phát triển quá nhanh: mật độ dày đặc, áp lực hạ tầng, môi trường sống suy giảm và trải nghiệm cư dân ngày càng bị nén lại.
Người mua nhà ngày càng trân trọng những ""khoảng thở"" giữa lòng đô thị. Ảnh DPG
Điều này đang tạo ra một sự thay đổi lớn trong cách con người nhìn về bất động sản. Khi chất lượng sống trở thành ưu tiên mới, giá trị của một đô thị không còn chỉ nằm ở việc phát triển nhanh tới đâu, mà ở khả năng duy trì sự cân bằng trong dài hạn.
Không phải mọi sự phát triển đều tạo ra giá trị bền vững
Có những nơi tăng trưởng rất nhanh,"
T052,2025-11-07T16:24:00,Bộ Y tế thông tin về đề xuất ưu tiên phụ nữ sinh đủ 2 con được mua nhà ở xã hội,"Theo Cục Dân số, Bộ Y tế - cơ quan soạn thảo dự thảo Luật Dân số cho biết, phụ nữ sinh đủ 2 con hoặc nam giới có 2 con đẻ mà không có vợ hoặc vợ đã mất được ưu tiên mua nhà ở xã hội.","TIN MỚI
BS Đặng Quỳnh Thư Trưởng phòng Quy mô dân số và kế hoạch hoá gia đình, Cục Dân số, Bộ Y tế.-Ảnh: VGP
Cũng theo Cục Dân số, Bộ Y tế, đề xuất nói trên chỉ là mở rộng tiêu chí cho đối tượng được ưu tiên xét hưởng chính sách nhà ở xã hội - các nhóm đối tượng được ưu tiên quy định tại Luật Nhà ở năm 2023.
Trao đổi với báo chí ngày 7/11, BS Đặng Quỳnh Thư, Trưởng phòng Quy mô dân số và kế hoạch hoá gia đình, Cục Dân số, Bộ Y tế cho biết, trong dự thảo Luật Dân số lần này có bổ sung tiêu chí hỗ trợ tài chính khi sinh con, ưu tiên xét hưởng chính sách được mua hoặc thuê nhà ở xã hội theo quy định của pháp luật về nhà ở
.
Tuy nhiên, chính sách ưu tiên nhóm đối tượng được mua hoặc thuê nhà ở xã hội đã được quy định tại Luật Nhà ở năm 2023. Trong Luật này quy định 12 nhóm đối tượng được quyền hưởng chính sách hỗ trợ về nhà ở và điều kiện được hưởng chính sách về nhà ở.
Các đối tượng này bao"
T053,2026-04-08T10:41:00,Thêm dự án NƠXH tại Hà Nội có giá bán vượt 30 triệu đồng/m2,"Dự án nhà xã hội (NƠXH) cho lực lượng vũ trang tại phường Thanh Liệt (Hà Nội) có giá bán khoảng 31,4 triệu đồng/m2, tương đương 1,4-2,4 tỷ đồng/căn.","TIN MỚI
Sở Xây dựng TP Hà Nội vừa công khai giá bán, thuê mua dự án NƠXH cho lực lượng vũ trang tại phường Thanh Liệt (tên thương mại Valenta Nguyễn Xiển) do Công ty cổ phần Đầu tư Videc - Trường Thành làm chủ đầu tư.
Theo đó, giá bán mỗi m2 (chưa gồm thuế VAT, phí bảo trì) tại dự án khoảng 31,4 triệu đồng. Với diện tích 45-77 m2 mỗi căn hộ tại đây có giá bán dự kiến 1,4-2,4 tỷ đồng. Giá thuê mua căn hộ tại Valenta Nguyễn Xiển hơn 388.000 đồng/m2/tháng, tương đương 17,4-29,9 triệu đồng/căn/tháng.
Phối cảnh dự án Valenta Nguyễn Xiển.
Đây là dự án NƠXH có giá bán cao thứ hai tại Hà Nội sau dự án NƠXH tại 275 Nguyễn Trãi (phường Thanh Xuân), giá hơn 32 triệu đồng/m2.
Chủ đầu tư cho biết thời gian dự kiến tiếp nhận hồ sơ từ ngày 16/4 đến 16/5, và bàn giao nhà vào quý IV/2028.
Khu NƠXH phường Thanh Liệt có quy mô sử dụng đất khoảng 3.500 m2, gồm một tòa nhà cao 30 tầng nổi, ba tầng hầm với 39"
T054,2026-08-26T13:30:00,Metro Hà Nội mở cuộc chơi mới: Bất động sản nào sẽ “hút” dòng tiền từ hàng triệu bước chân?,"Khi hệ thống giao thông công cộng Thủ đô chuyển mình với những tuyến đường sắt đô thị hiện đại, giá trị của bất động sản không còn đo bằng vị trí đơn thuần, mà nằm ở năng lực tối ưu hóa dòng người để chuyển hóa thành dòng tiền.","TIN MỚI
Trong cuộc ""đại phẫu"" hạ tầng lấy định hướng giao thông TOD làm động lực, khu vực Phú Diễn và dòng sản phẩm biệt thự thương mại Metro Grand Street đang nổi lên như một lời giải sắc sảo cho bài toán vận hành thương mại chuyên biệt quanh Hub
Metro
.
Biên độ kết nối mới từ ba trục đại lộ hướng tâm
Câu chuyện quy hoạch và động thái quyết liệt gần đây của Hà Nội cho thấy, bất kỳ một kịch bản tăng trưởng nào của BĐS Thủ Đô trong tương lai cũng phải khởi đầu từ sự thay đổi triệt để về khả năng tiếp cận mạng lưới giao thông. Tại vùng lõi nội đô hiện hữu sát Cầu Giấy và Hồ Tây, khả năng kết nối đang được mở rộng biên độ mạnh mẽ thông qua ba trục đại lộ chiến lược đang tăng tốc hoàn thiện.
Đầu tiên và mang tính xương sống là trục Hồ Tây – Ba Vì có chiều dài khoảng 39,43 km, lộ giới rộng từ 48m đến 100m, được định vị là một trong chín trục động lực phát triển chủ đạo của Thủ đô. Điểm đắt gi"
T055,2026-06-16T15:23:00,"Hà Nội đấu giá khu đất làm nhà ở thấp tầng, khởi điểm hơn 1.100 tỷ đồng",Vào giữa tháng 7 này sẽ diễn ra phiên đấu giá hơn 2ha đất ở tại xã An Khánh với mức khởi điểm gần 53 triệu đồng/m2 (tương đương khoảng 1.100 tỷ đồng cho cả khu).,"TIN MỚI
Đấu giá 2ha đất làm khu nhà ở thương mại
Theo thông báo của đơn vị tổ chức, khu đất được đưa ra đấu giá nằm tại vị trí X2, huyện Hoài Đức cũ (nay là xã An Khánh). Đây là tài sản của UBND xã An Khánh, nằm trong khu vực được quy hoạch làm dự án nhà ở thương mại.
Khu đất có tổng diện tích gần 5,4ha, trong đó khoảng 2,07ha đất xây nhà ở liền kề được đấu giá quyền sử dụng. Mức giá khởi điểm được đưa ra đấu giá là hơn 1.100 tỷ đồng (tương đương khoảng 53 triệu đồng/m2). Cùng với đó là khoảng 1.800m2 đất xây dựng bãi đỗ xe thời hạn 50 năm sẽ được thành phố cho thuê trả tiền một lần, giá khởi điểm hơn 5,3 tỷ đồng.
Hà Nội đấu giá 2,07ha đất làm khu nhà ở tại huyện Hoài Đức cũ (nay là xã An Khánh), giá khởi điểm hơn 1.100 tỷ đồng. Ảnh minh hoạ.
Để tham gia đấu giá, nhà đầu tư cần đặt cọc 20% tổng giá trị khởi điểm khu đất, tương đương 220 tỷ đồng. Phiên đấu giá sẽ bỏ phiếu trực tiếp nhiều "
T056,2026-03-11T13:30:00,Ra mắt hệ sinh thái sống all-in-one tại khu vực phía Nam Hà Nội,"Không chỉ là nơi để ở, bất động sản đang trở thành không gian sống – kinh doanh – tích lũy trong cùng một hệ sinh thái. Khi chuẩn sống mới dần hình thành tại phía Nam Hà Nội, Him Lam Thượng Phúc Legend xuất hiện như một lời giải trọn vẹn cho cả gia đình nhiều thế hệ và nhà đầu tư dài hạn.","TIN MỚI
Hệ sinh thái all-in-one: Nền tảng bền vững cho chuẩn sống mới
Xu hướng lựa chọn bất động sản hiện nay đang dịch chuyển mạnh từ mục tiêu ""mua chỗ ở"" sang ""mua phong cách sống"". Người mua không chỉ xem xét diện tích, số phòng hay vị trí, mà họ quan tâm đến việc có thể sống trọn đời trong một môi trường tiện nghi và trọn vẹn hay không. Đặc biệt với các gia đình nhiều thế hệ, việc sở hữu không gian phù hợp cho cả người già, người trưởng thành và trẻ nhỏ là ưu tiên hàng đầu.
Him Lam Thượng Phúc Legend (Dự án Đầu tư xây dựng khu nhà ở liền kề, nhà ở liền kề kết hợp thương mại dịch vụ, ký hiệu Đô thị số 5 tại khu K1, K2 xã Thường Tín, thành phố Hà Nội) được phát triển theo định hướng đô thị thể thao – thương mại – sinh hoạt cộng đồng, tạo nên một hệ sinh thái nội khu đa chiều. Dự án được trang bị 39 tiện ích nội khu bao gồm công viên cây xanh, không gian thể thao ngoài trời, khu sinh ho"
T057,2026-04-17T14:19:00,Dự án nhà ở xã hội 2.000 tỉ đồng đã xong móng có nguy cơ “đóng băng” vì không vay được vốn,"Lãi suất ưu đãi đối với chủ đầu tư dự án nhà ở xã hội là 6,1%/năm nhưng doanh nghiệp làm việc với các ngân hàng đều bị từ chối.","TIN MỚI
Một nghịch lý đang diễn ra trên thị trường là nhiều doanh nghiệp phát triển nhà ở xã hội (NOXH) sẵn sàng vay vốn ngân hàng với lãi suất thương mại 13-14%/năm nhưng vẫn không thể tiếp cận tín dụng do vướng mắc cơ chế. Thực tế này được ông Lê Hữu Nghĩa, giám đốc Công ty Lê Thành, nêu tại hội thảo ""Tín dụng bất động sản, kiểm soát thế nào để phát triển?"" do Báo Thanh Niên tổ chức sáng 17-4.
Không vay được vốn
Theo ông Nghĩa, Nhà nước đã triển khai gói tín dụng ưu đãi 145.000 tỉ đồng dành cho NOXH, nhà ở công nhân và giao cho nhiều ngân hàng thương mại thực hiện. Gói này có lãi suất thấp, không tính vào hạn mức tăng trưởng tín dụng (room), áp dụng cho cả chủ đầu tư và người mua nhà, với thời hạn vay lên tới 20 năm. Tuy nhiên, doanh nghiệp của ông vẫn không thể tiếp cận nguồn vốn này.
Ông Lê Hữu Nghĩa kể về trường hợp vay vốn tín dụng để đầu tư NOXH của công ty mình
Cụ thể, theo quy đ"
T058,2025-11-28T09:30:00,Bảng giá đất mới tăng cao: Bất động sản khó hạ nhiệt?,"Theo các chuyên gia, bảng giá đất được điều chỉnh tăng cao sẽ khiến bất động sản khó hạ nhiệt.","TIN MỚI
TS. Trần Xuân Lượng - Phó Viện trưởng Viện Nghiên cứu và Đánh giá thị trường bất động sản Việt Nam - cho rằng, giá đất chiếm tới 30 - 50% chi phí đầu vào, việc tăng giá đất vì thế có thể dẫn tới đẩy mặt bằng giá bất động sản tiếp tục cao.
Thêm vào đó, tâm lý đám đông và hiệu ứng FOMO (sợ bỏ lỡ cơ hội) đang chi phối mạnh thị trường bất động sản Việt Nam nên bảng giá đất mới có thể khiến người dân và nhà đầu tư tin rằng giá sẽ còn tăng nữa, từ đó thúc đẩy đầu cơ và dễ gây sốt ảo hơn.
Bảng giá đất mới ở Hà Nội có khiến bất động sản khó hạ nhiệt. (Ảnh minh họa: Minh Đức).
Hiệp hội Bất động sản Việt Nam cũng phân tích: Việc bảng giá đất tăng sẽ tác động đến giá thành, từ đó ảnh hưởng đến cơ hội tiếp cận nhà ở của người có nhu cầu ở thực. Đối với nhà ở thương mại, nếu tăng giá đất sẽ ảnh hưởng đến tính khả thi của dự án, làm giá nhà tiếp tục tăng.
Nguyên nhân là giá đất nếu tăng cao sẽ"
T059,2026-04-21T08:17:00,"Thanh tra Chính phủ chỉ ra hàng loạt dự án vi phạm về quy hoạch xây dựng, sử dụng đất tại Hà Nội","Trong Kết luận của mình, Thanh tra Chính phủ chỉ ra một loạt dự án tại Hà Nội vi phạm về quy hoạch xây dựng, sử dụng đất. Không ít dự án thời điểm chấp thuận chủ trương đầu tư chưa có trong kế hoạch phát triển nhà ở; cấp giấy phép quy hoạch chưa phù hợp với quy hoạch phân khu. Thậm chí, Thanh tra Chính phủ còn chuyển hồ sơ dự án Khu đô thị Văn Khê mở rộng (Usilk City) đến Bộ Công an để xem xét điều tra, xử lý theo quy định của pháp luật.","TIN MỚI
9/23 dự án thiếu sót, vi phạm về quy hoạch xây dựng, sử dụng đất
Chiều 20/4, Phó Tổng Thanh tra Chính phủ Lê Tiến Đạt ký Thông báo số: 1105/TB-TTCP Kết luận thanh tra việc chấp hành quy định pháp luật trong công tác quản lý, sử dụng đất đai và quy hoạch xây dựng, cấp phép xây dựng trên địa bàn Thành phố Hà Nội.
Theo kết luận thanh tra, qua thanh tra một số nội dung tại 23 dự án khu đô thị, nhà ở cho thấy còn một số hạn chế, thiếu sót, vi phạm. Các dự án bao gồm: Dự án Tháp D2 Cầu Giấy; Dự án Trung tâm thương mại, văn phòng và nhà ở cao cấp Hồ Gươm Plaza; Dự án Tổ hợp thương mại, văn phòng và nhà ở cao tầng tại số 01 Giáp Nhị; Dự án nhà ở cao tầng E2 - Chelsea Residences; Dự án Trung tâm thương mại, dịch vụ tổng hợp và nhà ở cao tầng tại xã Tứ Hiệp;  Dự án Khu đô thị Văn Khê mở rộng; Dự án Tổ hợp TMDV và căn hộ cao cấp và nhà ở thấp tầng tại phường La Khê và Dương Nội, quận Hà Đôn"
T060,2026-08-07T20:46:00,"Nhà nước quyết định giá đất, bất động sản có hạ nhiệt?","Chuyên gia kỳ vọng, giá đất do Nhà nước quyết định trên cơ sở dữ liệu, phương pháp khoa học và mục tiêu phát triển kinh tế - xã hội, thay vì chạy theo biến động của thị trường như trước giúp kiểm soát chi phí đầu vào của bất động sản, qua đó góp phần kéo giảm giá nhà.","TIN MỚI
Ổn định chi phí đầu vào sẽ tạo dư địa giảm giá nhà
Nghị quyết số 21-NQ/TW về quan điểm, định hướng sửa đổi Luật Đất đai và các luật có liên quan đã đặt ra một thay đổi căn bản trong cơ chế xác định giá đất. Theo đó, giá đất do Nhà nước quyết định trên cơ sở mục tiêu phát triển của từng thời kỳ, bảo đảm chi phí đầu vào hợp lý cho hoạt động sản xuất, kinh doanh, nâng cao năng lực cạnh tranh của nền kinh tế và thúc đẩy phát triển kinh tế-xã hội.
Nhà nước sẽ ban hành bảng giá đất, hệ số điều chỉnh giá đất (hệ số K), tỉ lệ thu tiền sử dụng đất, tiền thuê đất và tỉ lệ bồi thường phù hợp với thực tiễn theo từng loại đất, bảo đảm công bằng, công khai, minh bạch, hài hòa lợi ích giữa Nhà nước, người sử dụng đất và nhà đầu tư.
Giá đất sẽ do Nhà nước quyết định trên cơ sở dữ liệu, phương pháp khoa học và mục tiêu phát triển kinh tế - xã hội.
Việc xác định, thẩm định và quyết định giá đất đư"
T061,2025-12-30T13:41:00,Giá nhà tăng do luật có nhiều cách hiểu khác nhau,"Đối với dự án bất động sản, khi triển khai phải bỏ ra rất nhiều chi phí và thời gian triển khai. Do khó khăn, vướng mắc trong việc áp dụng các quy định pháp luật có liên quan, giữa các cơ quan có thẩm quyền còn nhiều cách hiểu khác nhau nên thời gian triển khai thường kéo dài. Do đó, hệ số điều chỉnh giá đất không thể điều chỉnh được dẫn đến giá đất sẽ rất cao.","TIN MỚI
Phải tăng giá bán
Sở Nông nghiệp và Môi trường TPHCM vừa có công văn gửi Bộ Nông nghiệp và Môi trường góp ý dự thảo nghị định quy định chi tiết và hướng dẫn một số điều của Quốc hội quy định một số cơ chế, chính sách tháo gỡ khó khăn, vướng mắc trong tổ chức thi hành Luật Đất đai.
Theo đó, Sở Nông nghiệp và Môi trường TPHCM kiến nghị bổ sung trường hợp áp dụng giá đất cụ thể đối với dự án có tiềm năng phát triển theo cơ cấu sử dụng đất và theo quy hoạch xây dựng có nhiều mục đích và hình thành các tuyến đường nội bộ trong dự án.
Ngoài ra là dự án có quy mô tối thiểu từ 2 ha trở lên đối với thành phố Hà Nội và TPHCM, tối thiểu từ 5 ha trở lên đối với các thành phố trực thuộc Trung ương và tối thiểu từ 10 ha trở lên đối với các tỉnh hoặc dự án có yếu tố đặc thù mà không xác định được theo bảng giá đất và hệ số điều chỉnh giá đất do HĐND cấp tỉnh quy định.
Sở Nông nghiệp và Môi trườ"
T062,2026-03-02T09:59:00,Nhà đầu tư bất động sản cần làm gì khi lãi suất tăng nóng,"Lãi suất vay mua nhà, đất tăng cao trong thời gian ngắn, chuyên gia khuyến cáo giới đầu tư bất động sản cần nghiêm túc tính đến việc quản trị rủi ro dòng tiền.","TIN MỚI
Ở góc độ quản lý tài sản, ông Nguyễn Minh Hạnh, Giám đốc Khối phân tích Chứng khoán SHS nhấn mạnh trọng tâm không phải là dự báo lãi suất mà là cấu trúc khoản vay phù hợp và duy trì kỷ luật dòng tiền.
Với người có thu nhập ổn định nhưng không dư dả, nên ưu tiên gói cố định dài 12 - 36 tháng, chấp nhận lãi cố định cao hơn để khóa rủi ro ngắn hạn. Ngược lại, nếu có khả năng trả trước mạnh trong 12–24 tháng, có thể chọn gói cố định ngắn, song cần “stress-test” kịch bản lãi thả nổi 12–15%.
Kéo dài kỳ hạn vay 20 - 25 năm giúp giảm áp lực trả nợ hàng tháng; sau đó có thể tái cấp vốn hoặc trả trước khi lãi hạ, nhưng phải đọc kỹ phí phạt trả trước hạn. Chiến lược hợp lý trong môi trường biến động là cố định lãi ngắn hạn, tích lũy để giảm dư nợ gốc và giữ quyền chọn refinance khi điều kiện thuận lợi hơn, đồng thời duy trì lịch sử tín dụng tốt, hồ sơ thu nhập minh bạch.
Đáng chú ý, nhà ở x"
T063,2026-07-07T06:02:00,Shophouse giá chục tỷ cho thuê được 8 triệu đồng/tháng,Nhiều căn shophouse tại các khu đô thị Hà Nội có giá bán chục tỷ đồng tại Hà Nội nhưng chủ sở hữu chỉ cho thuê được với giá khoảng trên dưới 10 triệu đồng/tháng.,"TIN MỚI
Anh Nguyễn Tuấn (phường Từ Liêm, Hà Nội) chia sẻ, giữa năm ngoái, anh chi 13 tỷ đồng, trong đó có 8 tỷ đồng tiền vay ngân hàng, để mua một căn shophouse 75m2 tại khu đô thị ở phường Yên Nghĩa (Hà Nội), tương đương hơn 293 triệu đồng/m2.
Sau khi mua sẽ cho thuê lại để lấy tiền trả vào tiền vay ngân hàng. Tuy nhiên, anh rao cho thuê với giá 20 triệu đồng/tháng nhưng mãi không có khách thuê. Đến sau Tết, anh nhờ môi giới tìm khách thuê thì được biết giá thuê với những căn shophouse xây thô tại khu đô thị này chỉ khoảng 10 triệu đồng/tháng. Nếu chi khoảng 500 triệu đồng để hoàn thiện, căn nhà sẽ cho thuê được khoảng 13 - 15 triệu đồng/tháng.
Tương tự, anh Thanh Tùng (Cầu Giấy, Hà Nội) nói, tháng 10/2025, anh chi gần 16 tỷ đồng để mua một căn liền kề có diện tích 75m2 tại một khu đô thị ở xã Hoài Đức (Hà Nội). Sau đó, anh tìm được khách cho thuê với giá 12 triệu đồng/tháng.
Tuy nhiên,"
T064,2026-05-19T00:29:00,"Đại gia vàng bạc lấn sân bất động sản: DOJI làm tòa nhà cao nhất Hải Phòng, Bảo Tín Minh Châu mới ở vạch xuất phát?","Trong khi một bên đang tạo lập vị thế với các công trình biểu tượng, một bên bắt đầu manh nha.","TIN MỚI
Không chỉ là những ""ông lớn"" giữ vị thế áp đảo trong ngành kim hoàn, nay các đại gia vàng bạc đá quý cũng đang rốt ráo gia nhập đường đua bất động sản với những dự án quy mô hàng nghìn tỷ đồng. Ảnh minh hoạ tạo bởi AI.
Đáng chú ý, các công trình do các doanh nghiệp này đầu tư không những nổi bật về quy mô mà còn có kiến trúc đột phá, ấn tượng. Nhiều dự án đã và đang trở thành biểu tượng mới tại các tỉnh, thành phố lớn.
Tiêu biểu nhất trong làn sóng này là
DOJI
Group thông qua thành viên DOJILAND. Doanh nghiệp này đang tạo nhiều dấu ấn tại Hải Phòng với loạt dự án cao tầng có quy mô lớn, trong đó nổi bật là Dragon 75 Complex tại Khu đô thị Bắc Sông Cấm (phường Thủy Nguyên, Hải Phòng).
Dự án có quy mô gần 2 ha, tổng vốn đầu tư hơn 7.500 tỷ đồng, được khởi công ngày 19/12/2025. Điểm nhấn của tổ hợp là tòa tháp Dragon Jade 75 (tháp Ngọc Rồng 75) cao 388m, bên cạnh khu căn hộ hạng san"
T065,2026-06-04T14:12:00,"Nghịch lý ""nhà bỏ hoang"" nhưng nhiều người vẫn khó sở hữu bất động sản","Tình trạng đầu cơ, thiếu nguồn cung và cơ cấu sản phẩm bất động sản mất cân đối đang đẩy giấc mơ an cư xa dần với nhiều người dân, đòi hỏi cần có những giải pháp đồng bộ cho thị trường.","TIN MỚI
Hàng loạt biệt thự bỏ hoang trong khi người dân khó mua nhà
Lệch pha cung - cầu, giá nhà ngày càng xa tầm với
Tại nhiều khu đô thị ven Hà Nội, hàng loạt biệt thự, nhà liền kề trị giá hàng chục tỷ đồng vẫn bị bỏ hoang nhiều năm dù hạ tầng đã được đầu tư đồng bộ. Trong khi đó, không ít người dân, đặc biệt là người trẻ và lao động thu nhập trung bình, vẫn chật vật tìm kiếm chỗ ở phù hợp.
Theo Bộ Xây dựng, nhiều khu đô thị tại các thành phố lớn hiện chỉ đạt tỷ lệ lấp đầy khoảng 20-30%. Một lượng lớn đất đai, nhà ở và hạ tầng đang bị “đóng băng” dưới dạng tài sản đầu cơ thay vì phục vụ nhu cầu ở thực.
Dữ liệu thị trường cho thấy, giá căn hộ tại Hà Nội trong 5 năm qua tăng trung bình 50-70%, thậm chí có nơi tăng tới 150-200%. Hiện nhiều căn hộ diện tích khoảng 100 m² tại khu vực nội đô có giá lên tới 20 tỷ đồng. Ngay cả phân khúc trung cấp cũng dao động từ 7-10 tỷ đồng/căn.
Theo Hội Mô"
T066,2026-06-12T08:00:00,Trung tâm Tài chính quốc tế Đà Nẵng – “Cực nam châm” hút dòng vốn toàn cầu,"Trung tâm Tài chính quốc tế tại Đà Nẵng phát triển theo 3 trụ cột: tài chính – blockchain – bán dẫn. Định hướng này không chỉ mở hướng đi chiến lược mới cho Đà Nẵng mà còn tạo ra dư địa tăng trưởng mới cho thị trường bất động sản, đặc biệt là các dự án gần đó và phát triển theo mô hình Urban – Resort Mixed-Use.","TIN MỚI
""Nước cờ"" khác biệt của Đà Nẵng trong cuộc đua Trung tâm Tài chính quốc tế
Khác với các trung tâm tài chính toàn cầu vốn phát triển theo hướng chuyên biệt hóa (như Singapore, Dubai hay Silicon Valley), Đà Nẵng đã chọn lối đi riêng khi tích hợp cả 3 trụ cột vào cùng một mô hình: Tài chính - Blockchain - Bán dẫn.
Trong lĩnh vực tài chính, Đà Nẵng chú trọng phát triển các dịch vụ FinTech hiện đại, tạo môi trường thuận lợi cho các doanh nghiệp khởi nghiệp và các nhà đầu tư quốc tế thử nghiệm các sản phẩm tài chính số thông qua cơ chế sandbox, đồng thời thúc đẩy tài chính xanh và tài chính thương mại. Blockchain được xem là nền tảng công nghệ then chốt, giúp nâng cao minh bạch, bảo mật và hiệu quả trong các giao dịch tài chính, đồng thời tạo điều kiện để Đà Nẵng xây dựng một hệ sinh thái tài sản số an toàn, thu hút các công ty fintech và các quỹ đầu tư quốc tế. Ngành bán dẫn và công n"
T067,2026-01-07T08:00:00,Chung cư dọc Quốc lộ 13: Vì sao đang trở thành lựa chọn an cư mới của người trẻ TP.HCM,"Trong nhiều năm, sở hữu nhà tại khu trung tâm TP.HCM là mục tiêu của không ít người trẻ. Tuy nhiên, thực tế thị trường cho thấy khoảng cách giữa thu nhập và giá nhà ngày càng giãn rộng, buộc người mua phải tìm kiếm những lựa chọn an cư thực tế hơn.","TIN MỚI
Báo cáo Quý 2/2025 của Savills Việt Nam cho thấy giá bán sơ cấp trung bình tại TP.HCM cũ trong giai đoạn 2024 và quý I/2025 đạt khoảng 90 triệu đồng/m². Trước bối cảnh đó, xu hướng dịch chuyển ra các trục kết nối trọng điểm đang diễn ra rõ nét, trong đó Quốc lộ 13 nổi lên như một lựa chọn đáng chú ý.
Quốc lộ 13 – trục giao thông dẫn dắt dòng dịch chuyển an cư
Quốc lộ 13 là tuyến giao thông huyết mạch kết nối TP.HCM với khu Đông Bắc, đặc biệt là tỉnh Bình Dương (cũ) – một trong những địa phương có tốc độ đô thị hóa và phát triển công nghiệp nhanh nhất cả nước. Theo số liệu của Tổng cục Thống kê, Bình Dương hiện nằm trong nhóm các tỉnh thu hút lao động nhập cư lớn, với hàng trăm nghìn chuyên gia, kỹ sư và người lao động làm việc lâu dài.
Bên cạnh đó, khu vực dọc Quốc lộ 13 đang được hưởng lợi từ các định hướng phát triển hạ tầng giao thông công cộng trong dài hạn với việc mở rộng 1"
T068,2025-11-03T10:00:00,Căn hộ giá tốt bất ngờ ngay gần trung tâm Thủ đô cho người trẻ,"Người trẻ mua nhà tăng mạnh với tiêu chí giá càng thấp càng tốt nhưng tiện ích đủ đầy. Những dự án đáp ứng bộ đôi nhu cầu này thường tập trung tại vùng ven, thậm chí đi xa hơn. Chính điều đó khiến Hanoi Melody Residences trở thành ngoại lệ khi sở hữu vị trí gần trung tâm Thủ đô vẫn có mức giá “rẻ giật mình”.","TIN MỚI
Mức giá trong mơ của khách hàng trẻ
Trong khi giá nhà ngày càng xa tầm với của người mua ở thực, đặc biệt là khách hàng trẻ, Hanoi Melody Residences ở Tây Nam Linh Đàm lại khiến nhiều người bất ngờ khi vẫn giữ được mức giá hợp lý dù có vị trí thuận lợi ngay nội đô.
Anh Nguyễn Quốc Đạt – một môi giới tham gia bán hàng tại Hanoi Melody Residences cho hay, tỷ lệ người trẻ tìm tới Hanoi Melody Residences trong thời gian qua rất đông đảo, chủ yếu là các cặp đôi mới kết hôn hoặc có con nhỏ.
Theo anh Đạt, yếu tố hấp dẫn nhất người trẻ mua nhà Hanoi Melody Residences là mức giá cạnh tranh bậc nhất nội đô, chỉ từ 71,9 triệu đồng/m2. Đây được coi là của hiếm trên thị trường, giúp người mua không cần dịch chuyển ra xa trong bối cảnh mặt bằng giá nhà tại Hà Nội liên tục lập đỉnh, thậm chí nhiều dự án vùng ven cũng tiệm cận 100 triệu đồng/m².
""Giới trẻ ngày nay rất thực tế khi mua nhà. Họ đề "
T069,2026-01-05T13:46:00,"Lãi suất cho vay tăng, thanh khoản trên thị trường nhà ở suy giảm","Cùng với việc các ngân hàng nâng lãi suất và siết dần các gói ưu đãi, người mua nhà có xu hướng cân nhắc kỹ hơn khiến thị trường nhà ở có thể bước vào giai đoạn chững lại.","TIN MỚI
Giá nhà tăng cao trong khi lãi suất cho vay cũng đang ""nóng"" lên từng ngày khiến nhiều người phải cân nhắc lại dự định mua nhà. Ảnh minh họa
Sau giai đoạn duy trì ở mức thấp, mặt bằng lãi suất đã chính thức đảo chiều từ đầu quý IV/2025 khi nhiều ngân hàng đồng loạt nâng lãi suất huy động.
Tại một số ngân hàng, lãi suất tiết kiệm đã tiệm cận ngưỡng 8% ở các kỳ hạn dài, kéo theo áp lực chi phí vốn đầu vào tăng và thu hẹp đáng kể dư địa giữ lãi suất cho vay ở mức thấp.
Diễn biến này nhanh chóng phản ánh vào thị trường tín dụng nhà ở. Từ cuối tháng 11/2025, nhiều ngân hàng đã điều chỉnh lãi suất cho vay mua nhà khiến mặt bằng lãi áp dụng cho vay mua nhà tăng thêm khoảng 1 - 2%. Mức lãi suất cho vay mua nhà phổ biến hiện nay từ 7 - 9%/năm trong thời gian ưu đãi từ 1-3 năm.
Chẳng hạn, BVBank áp dụng lãi vay 8,5%/năm cố định trong 12 tháng đầu; VIB áp dụng mức lãi suất ưu đãi 6,9-8,9%/n"
T070,2025-10-17T07:09:00,Chuyên gia: Đầu cơ không phải nguyên nhân chính gây ra tăng giá bất động sản,"TS. Lê Xuân Nghĩa cho rằng, lực cầu đầu cơ có tồn tại, nhưng không phải là nguyên nhân chính gây ra tăng giá bất động sản. Nguyên nhân cốt lõi khiến giá bất động sản tăng cao là do mất cân đối cung - cầu.","TIN MỚI
Theo báo cáo 9 tháng đầu năm của Bộ Xây dựng, giá bán căn hộ chung cư tại Hà Nội và TPHCM duy trì ở mức cao, với xu hướng tăng so với cùng kỳ năm trước.
Tại Hà Nội, giá sơ cấp trung bình đạt 70–80 triệu đồng/m2, tăng 5,6% so với đầu năm và 33% so với cùng kỳ năm 2024. Một số dự án hạng sang ghi nhận mức giá rất cao khoảng 150–300 triệu đồng/m2.
Tại TPHCM, giá sơ cấp trung bình khoảng 75 triệu đồng/m2, ổn định so với đầu năm, nhưng tăng 36% so với cùng kỳ năm trước. Một số dự án cao cấp có mức giá từ 150 triệu đồng/m2 trở lên.
Còn theo báo cáo của CBRE, trong quý III, giá chào bán chung cư sơ cấp trung bình tại Hà Nội đã vượt mốc 90 triệu đồng/m2 thông thủy, cao hơn mức giá trung bình của thị trường căn hộ TPHCM trong quý này. Giá sơ cấp trung bình căn hộ chung cư tại Hà Nội trong quý vừa qua cao hơn quý trước 16% và cao hơn 41% so với cùng kỳ năm trước.
Thực tế, việc giá chung cư"
T071,2026-04-08T07:09:00,Đã đến lúc cần nhìn nhận nhà ở như một phần hạ tầng quốc gia khi giá bán trung bình căn hộ đã vượt 100 triệu đồng/m2,"Trong bối cảnh đô thị hóa nhanh và giá nhà vượt xa thu nhập, các chuyên gia cho rằng đã đến lúc tái định vị nhà ở như một phần thiết yếu của hạ tầng quốc gia, ngang hàng với giao thông hay năng lượng nhằm mở rộng nguồn cung và thúc đẩy phát triển đô thị bền vững.","TIN MỚI
Với dự báo hơn hai phần ba dân số toàn cầu sẽ sinh sống tại các đô thị vào năm 2050, các thành phố đang phải đối mặt với áp lực ngày càng lớn trong việc đảm bảo cả số lượng lẫn tính bền vững của nguồn cung nhà ở. Báo cáo Impact của Savills cho thấy, hiện có khoảng 1,6 tỷ người trên thế giới chưa tiếp cận được nhà ở đạt chuẩn.
Nguyên nhân không chỉ đến từ tốc độ đô thị hóa nhanh, mà còn do giá nhà tăng nhanh hơn đáng kể so với thu nhập. Một nghiên cứu của IMF trên 200 thành phố toàn cầu cho thấy tới 90% được xếp vào nhóm ""khó tiếp cận"", khi giá nhà trung bình cao hơn gấp nhiều lần thu nhập hàng năm. Trong khi đó, UN-Habitat ước tính thế giới cần xây dựng khoảng 96.000 căn nhà ở giá phải chăng mỗi ngày từ nay đến năm 2030 để có thể từng bước thu hẹp khoảng cách này.
Trong bức tranh đó, Việt Nam không nằm ngoài xu hướng chung, mà đang dần phản ánh rõ các đặc điểm của một thị trường "
T072,2026-07-20T10:48:00,Bắc Ninh tìm chủ đầu tư dự án nhà ở xã hội hơn 1.300 tỷ đồng,"Bắc Ninh công bố dự án nhà ở xã hội 714 căn hộ tại phường Vũ Ninh, với tổng mức đầu tư khoảng 1.307 tỷ đồng.","TIN MỚI
Cổng thông tin điện tử tỉnh Bắc Ninh đăng tải, Phó Chủ tịch UBND tỉnh Đào Quang Khải vừa ký Quyết định số 1020/QĐ-UBND công bố thông tin Dự án đầu tư xây dựng Khu nhà ở xã hội trên quỹ đất 20% thuộc đồ án QHCT Khu nhà ở Phúc Sơn, phường Vũ Ninh để hoàn trả vốn đầu tư xây đựn tuyến đường ĐT.286 đoạn cải tuyến mới từ phường Vạn An đến phường Phong Khê (cũ).
Dự án được đề xuất thực hiện trên địa bàn phường Vũ Ninh, diện tích đất khoảng 0,68 ha, gồm 2 ô đất OXH.1 và OXH.2, mỗi ô khoảng 3.300m². Quy mô dự kiến khoảng 714 căn hộ nhà ở xã hội, đáp ứng chỗ ở cho khoảng 1.200 người. Công trình được quy hoạch xây dựng tối đa 29 tầng nổi và 2 tầng hầm; mật độ xây dựng mỗi ô đất khoảng 40%; tổng diện tích xây dựng khoảng 2.700 m².
Ảnh minh họa: CTTĐT Bắc Ninh
Nhà đầu tư được phép bố trí sàn phục vụ kinh doanh, thương mại với tỷ lệ không vượt quá 20% tổng diện tích sàn nhà ở của dự án, không "
T073,2026-05-24T08:21:00,Nóng đề xuất hạn chế chuyển nhượng nhà ở thương mại trong 3 năm,Thông tin thành phố Hà Nội dự kiến quy định nhà ở thương mại trong các khu đô thị đa mục tiêu chỉ được chuyển nhượng sau 3 năm đang thu hút sự chú ý lớn trên thị trường bất động sản.,"TIN MỚI
Thông tin về công tác quy hoạch, giải phóng mặt bằng và tái định cư tại một số dự án trọng điểm, Phó Chủ tịch UBND TP Hà Nội Trương Việt Dũng cho biết, Hà Nội là một trong những địa phương đầu tiên sáng kiến ra mô hình khu đô thị đa mục tiêu.
Đáng chú ý, thành phố kỳ vọng mô hình này sẽ góp phần điều tiết thị trường bất động sản, kéo giảm giá nhà để người dân có cơ hội tiếp cận nhà ở thực chất hơn. Thành phố cũng dự kiến quy định nhà ở thương mại trong các khu đô thị đa mục tiêu chỉ được chuyển nhượng sau 3 năm.
“Chúng tôi sẽ điều tiết, có quy định sau 3 năm, người mua nhà ở thương mại mới được chuyển nhượng cho đơn vị khác để tránh việc đầu cơ, giúp giá nhà trở về với mặt bằng phù hợp hơn và tăng khả năng tiếp cận nhà ở cho người dân”, Phó Chủ tịch UBND TP thông tin.
Không chỉ kiểm soát hoạt động chuyển nhượng, dự thảo cũng đề xuất cơ chế giám sát lợi nhuận đối với phần nhà ở th"
T074,2026-01-22T13:47:00,"""Thị trường bất động sản 2026 sẽ tăng trưởng không đồng đều như mưa không rơi đều khắp nơi mà sẽ mưa theo từng vùng""",Đây là nhận định của ông Nguyễn Thái Bình – Tổng Giám Đốc Đông Tây Land ví von về nhịp tăng trưởng của thị trường BĐS trong giai đoạn sắp tới.,"TIN MỚI
Tại sự kiện công bố báo cáo Nghiên cứu thị trường bất động sản Việt Nam năm 2025 và dự báo năm 2026 với chủ đề “Chuyển nhịp”, do Viện Nghiên cứu kinh tế - tài chính - bất động sản Dat Xanh Services (DXS-FERI) tổ chức, bà Phạm Thị Nguyên Thanh – Phó Chủ tịch Dat Xanh Services nhận định: Về mặt tổng thể, thị trường bất động sản năm 2025 đã có tín hiệu phục hồi đáng ghi nhận, với sự tăng trưởng khá tốt của hầu hết các chỉ số từ nguồn cung, giá bán, tỷ lệ hấp thụ, và đặc biệt là niềm tin thị trường. Tuy nhiên, thị trường bất động sản vẫn đối diện trạng thái khá nhạy cảm và chịu tác động bởi nhiều yếu tố, đặc biệt là thể chế, chính sách của Nhà nước cùng cơ chế lãi suất dành cho bất động sản…
""Ẩn số về đà phục hồi và câu hỏi liệu bất động sản có tăng trưởng nóng trong giai đoạn tiếp theo hay không - phụ thuộc rất nhiều vào các quyết sách và điều hướng chính sách liên quan bất động sản"
T075,2026-03-14T07:38:00,"Bất động sản 2026: Thị trường chưa bùng nổ ngay, nhưng cơ hội đang xuất hiện sớm cho ai ""nhìn xa hơn đám đông""","Ông Lê Xuân Nga, Tổng giám đốc BHS Property cho rằng, thị trường bất động sản 2026 sẽ không bùng nổ ngay nhưng thanh khoản sẽ cải thiện rõ rệt.","TIN MỚI
Ông Lê Xuân Nga, Tổng giám đốc BHS Property
Đầu năm 2026, thị trường bất động sản có ""biến số"" đến từ lãi suất cho vay mua bất động sản tăng trở lại, chính thức chấm dứt giai đoạn ""tiền rẻ"". Đặc biệt, xung đột Trung Đông diễn ra tác động đến kinh tế vĩ mô, ảnh hưởng không nhỏ đến tâm lý nhà đầu tư, thị trường bất động sản.
Do đó, thanh khoản trong năm 2026 đang trở thành mối quan tâm lớn của cả nhà đầu tư lẫn doanh nghiệp phát triển dự án. Dưới góc nhìn của người có gần 20 năm làm việc trong ngành bất động sản - ông Lê Xuân Nga, Tổng giám đốc BHS Property cho rằng, thanh khoản của thị trường trong thời gian tới sẽ chịu tác động mạnh bởi 5 yếu tố lớn, từ chính sách tín dụng, pháp lý dự án đến tăng trưởng kinh tế, hạ tầng và tâm lý thị trường.
Lãi suất và tín dụng – yếu tố tác động trực tiếp
Theo ông Lê Xuân Nga, lãi suất và tín dụng là yếu tố ảnh hưởng trực tiếp nhất đến thị trườn"
T076,2026-02-27T22:50:00,"Bí thư Thành ủy Hà Nội: Kiểm soát giá nhà, biến thủ đô thành nơi đáng sống, đáng đến","Bí thư Thành uỷ Hà Nội Nguyễn Duy Ngọc khẳng định đường hướng phát triển, tái thiết đô thị sẽ đảm bảo yếu tố an sinh xã hội, kiểm soát giá nhà.","TIN MỚI
Chiều 27-2, Ủy ban MTTQ Việt Nam TP Hà Nội phối hợp với UBND TP Hà Nội, Ủy ban Bầu cử thành phố và các phường: Việt Hưng, Long Biên, Bồ Đề, Phúc Lợi cùng các xã Gia Lâm, Thuận An, Bát Tràng, Phù Đổng tổ chức Hội nghị tiếp xúc giữa cử tri với người ứng cử đại biểu Quốc hội khóa XVI, nhiệm kỳ 2026 - 2031 (đơn vị bầu cử số 10).
Bí thư Thành ủy Hà Nội Nguyễn Duy Ngọc tại phát biểu tại hội nghị
Tại hội nghị, trao đổi với cử tri, Ủy viên Bộ Chính trị, Bí thư Thành ủy Hà Nội Nguyễn Duy Ngọc khẳng định đường hướng phát triển, tái thiết đô thị sẽ đảm bảo yếu tố an sinh xã hội, theo đó thành phố sẽ kiểm soát chặt chẽ giá nhà ở trên toàn địa bàn, bao gồm nhà công vụ, nhà ở xã hội và cả nhà ở thương mại, nhằm ngăn chặn tình trạng tăng giá bất động sản mất kiểm soát.
Theo Bí thư Thành ủy Nguyễn Duy Ngọc quá trình xây dựng các khu đô thị mới xung quanh thành phố trong 3 năm tới không chỉ phục "
T077,2026-01-02T07:49:00,Mời thầu 3 dự án nhà ở xã hội với hơn 4.000 căn hộ,"Sở Xây dựng TP. Huế cho biết, thành phố vừa tổ chức mời thầu 3 dự án nhà ở xã hội với tổng quy mô hơn 4.000 căn hộ, tổng mức đầu tư gần 4.500 tỷ đồng, dự kiến khởi công trong quý I năm nay.","TIN MỚI
Cụ thể, dự án     nhà ở xã hội    (NƠXH) tại khu đất XH1, khu B - Đô thị mới An Vân Dương có diện tích khoảng 18.551m2, quy mô khoảng 1.200 căn hộ, tổng vốn đầu tư hơn 1.190 tỷ đồng. Thời gian thực hiện dự án không quá 42 tháng kể từ khi được giao hoặc cho thuê đất.
Dự án NƠXH tại phường Phong Thái có diện tích sử dụng đất khoảng 26,17ha, công suất thiết kế khoảng 1.680 lô     nhà ở xã hội liền kề    thấp tầng, tổng mức đầu tư khoảng 1.430 tỷ đồng.
Đến năm 2030, TP. Huế đặt mục tiêu﻿ xây dựng khoảng 12.000 căn hộ NƠXH.
Trong khi đó, khu NƠXH tại phường Hương An được quy hoạch trên diện tích đất rộng 40.351m2, dự kiến xây dựng khoảng 1.581     căn hộ    , với tổng vốn đầu tư 1.771 tỷ đồng. Sau khi hoàn tất các thủ tục đấu thầu, dự án này cũng dự kiến khởi công trong quý I/2026.
Theo Sở Xây dựng TP. Huế, thành phố hiện áp dụng cơ chế hỗ trợ 30% chi phí đầu tư xây dựng hệ thống     "
T078,2026-07-02T18:00:00,Biệt thự nội đô bước vào chu kỳ khan hiếm mang tính cấu trúc,"Khi TP.HCM chuyển mạnh sang mô hình đô thị nén, ưu tiên giao thông công cộng và sử dụng đất hiệu quả, nhà ở thấp tầng dần không còn là loại hình chủ đạo trong các khu đô thị mới.","TIN MỚI
Với biệt thự nội đô, sự khan hiếm không chỉ đến từ quỹ đất ngày càng hạn chế, mà còn phản ánh những thay đổi trong quy hoạch và cấu trúc phát triển đô thị.
Mô hình phát triển đô thị đang thay đổi, TOD thu hẹp nguồn cung biệt thự
Trong nhiều thập niên, các khu đô thị mới tại TP.HCM thường được phát triển theo mô hình mở rộng về phía ngoài, với nhà phố, biệt thự, công viên và hệ thống tiện ích đồng bộ. Mô hình này phù hợp khi quỹ đất còn dồi dào, mật độ dân cư chưa cao và áp lực lên hạ tầng đô thị chưa lớn.
Tuy nhiên, bối cảnh phát triển của thành phố đang thay đổi. Khi TP.HCM hướng đến mô hình đô thị nén theo chiều cao, việc sử dụng đất ngày càng được đặt trong bài toán hiệu quả, gắn với giao thông công cộng, mật độ dân cư và khả năng khai thác hạ tầng. Thay vì tiếp tục mở rộng theo chiều ngang, các khu vực phát triển mới được định hướng ưu tiên những loại hình sử dụng đất có hiệu"
T079,2026-05-20T06:50:00,"Giao dịch thứ cấp chung cư hiếm thấy: Có tuần cả sàn không bán nổi 1 căn, nhà đầu tư giảm lãi kỳ vọng","Từng dễ dàng chốt lãi hàng trăm triệu đồng mỗi căn, thậm chí cả tỷ đồng, nhưng nay nhiều chủ nhà buộc phải hạ giá sâu để tìm thanh khoản. Dù vậy, thị trường trầm lắng khiến thanh khoản sụt giảm","TIN MỚI
Thị trường bất động sản Hà Nội đang trải qua giai đoạn trầm lắng hiếm thấy sau thời gian tăng trưởng nóng. Không còn cảnh nhà đầu tư liên tục “xuống tiền” hay môi giới chốt giao dịch chỉ sau vài ngày mở bán, nhiều sàn hiện rơi vào trạng thái gần như “đóng băng”, lượng khách sụt giảm, thanh khoản lao dốc.
Tại khu vực phía Tây Hà Nội, nơi từng được xem là “điểm nóng” của phân khúc căn hộ cao cấp nay các môi giới cho biết trong gần một tháng trở lại đây, giao dịch phát sinh rất hạn chế, thậm chí có thời điểm không ghi nhận trường hợp mua bán mới.
Anh Tuấn, môi giới chuyên phân phối căn hộ khu vực Mỹ Đình, Nam Từ Liêm cho biết, lượng khách đi xem nhà bắt đầu giảm mạnh từ sau Tết Nguyên đán và gần như chững lại sau kỳ nghỉ lễ 30/4.
“Có những tuần cả sàn không chốt nổi một căn. Trước đây, khách chỉ cần xem 2–3 dự án là có thể xuống tiền, còn hiện nay họ khảo sát rất nhiều nhưng hầu như"
T080,2026-01-26T10:35:00,Ba lời khuyên của TS. Cấn Văn Lực đối với các nhà đầu tư BĐS,"Chia sẻ nhận định về thị trường, TS. Cấn Văn Lực nhấn mạnh định hướng kiểm soát tín dụng vào lĩnh vực đầu tư kinh doanh bất động sản (BĐS), đồng thời đưa ra 3 lời khuyên ""sống còn"" cho doanh nghiệp để thích ứng với mặt bằng lãi suất và dòng tiền mới.","TIN MỚI
Trong khuôn khổ     Hội thảo ""Nhận định thị trường bất động sản năm 2026    : Dòng tiền nhà đầu tư chảy vào phân khúc nào?"" (ngày 25/1), đã diễn ra phần tọa đàm với chủ đề “Thị trường bất động sản 2026: Tăng trưởng và bứt tốc”.
Tọa đàm về thị trường bất động sản 2026. Ảnh: Trọng Tài
Tại tọa đàm, TS. Cấn Văn Lực – Chuyên gia Kinh tế trưởng BIDV kiêm Giám đốc Viện Đào tạo và Nghiên cứu BIDV, Thành viên Hội đồng Tư vấn chính sách của Thủ tướng Chính phủ đã có phần trao đổi về kỳ vọng bứt phá của thị trường bất động sản và những lời khuyên đối với các nhà đầu tư sử dụng “đòn bẩy” tài chính trong năm 2026.
Kỳ vọng bứt phá của thị trường bất động sản
Chia sẻ về những kỳ vọng bứt phá của thị trường bất động sản trước hàng loạt thay đổi về thể chế, ông Cấn Văn Lực nhấn mạnh vào sự thay đổi tư duy quản lý, chuyển từ việc sửa đổi luật ngay lập tức sang ban hành các Nghị quyết kịp thời, điể"
T081,2026-04-02T12:59:00,Lâm Đồng sẽ bàn giao 1.900 căn nhà ở xã hội trong năm 2026,"Lâm Đồng đang đặt mục tiêu “về đích sớm” với gần 1.900 căn nhà ở xã hội trong năm 2026, mở rộng cơ hội an cư cho người thu nhập thấp và công nhân.","TIN MỚI
Phối cảnh dự án nhà ở xã hội tại Khu công nghiệp Phú Hội, xã Đức Trọng, tỉnh Lâm Đồng
Tại buổi làm việc chiều 1/4, Sở Xây dựng tỉnh Lâm Đồng cho biết địa phương được giao hoàn thành 1.787 căn nhà ở xã hội trong năm 2026 theo Nghị quyết 7/NQ-CP. Tuy nhiên, sau khi rà soát tiến độ và năng lực triển khai, tỉnh đã mạnh dạn nâng mục tiêu lên 1.899 căn, vượt kế hoạch Trung ương giao.
Đáng chú ý, nhiều dự án trọng điểm đã có chuyển biến tích cực, tập trung tại các khu vực như An Sơn, Phú Hội, Hàm Kiệm I, Hàm Kiệm II và chung cư Phú Thịnh.
Tại Khu công nghiệp Hàm Kiệm I, dự án quy mô 1.082 căn đã hoàn thành 308 căn, phần còn lại 774 căn đang được đẩy nhanh thi công, dự kiến hoàn tất trong quý IV/2026. Trong khi đó, dự án tại Khu công nghiệp Hàm Kiệm II có quy mô lên tới 5.552 căn, trước mắt sẽ hoàn thành 306 căn sau khi điều chỉnh quy hoạch, đồng thời chuẩn bị khởi công thêm các khối mới"
T082,2026-07-20T08:00:00,"Tập đoàn Lê Phong: Hơn một thập kỷ kiến tạo giá trị bền vững, đồng hành cùng sự phát triển đô thị","Trong bối cảnh TP.HCM mở rộng đô thị với hạ tầng chiến lược, bất động sản bước vào chu kỳ cạnh tranh mới. Thay vì quỹ đất và tốc độ phát triển như trước, năng lực của nhà phát triển nay được đo bằng tầm nhìn dài hạn, khả năng kiến tạo giá trị bền vững và đóng góp cho sự phát triển của đô thị.","TIN MỚI
Là doanh nghiệp gắn bó với thị trường Bình Dương cũ, nay thuộc siêu đô thị TP.HCM mới, Tập đoàn Lê Phong lựa chọn một hướng đi khác biệt. Không chạy theo tốc độ tăng trưởng ngắn hạn, doanh nghiệp kiên định theo đuổi chiến lược phát triển bài bản, lấy con người làm trung tâm và kiến tạo những không gian sống chất lượng, góp phần định hình diện mạo đô thị hiện đại.
Kiến tạo nền tảng từ những bước đi bền vững
Ngay từ những ngày đầu, với tầm nhìn dài hạn và sự nhạy bén trước xu hướng phát triển đô thị, doanh nghiệp đã sớm sở hữu nhiều quỹ đất sạch quy mô lớn tại các vị trí chiến lược ở Dĩ An, Thuận An và nhiều khu vực giàu tiềm năng khác. Đây cũng là nền tảng quan trọng để Tập đoàn Lê Phong từng bước hiện thực hóa chiến lược phát triển bất động sản một cách bài bản và bền vững.
Từ những khu dân cư đầu tiên như Khu nhà ở thương mại Lê Phong, Khu nhà ở thương mại Tam Phú, Khu nhà ở thư"
T083,2026-05-18T08:00:00,Lý do căn hộ nghỉ dưỡng view biển là lựa chọn hàng đầu trước chu kỳ tăng trưởng,"Mỗi khi thị trường bất động sản bước vào giai đoạn tiền phục hồi, dòng tiền thường có xu hướng tìm đến những tài sản mang tính dẫn dắt. Đây là dòng sản phẩm vừa sở hữu giá trị khai thác thực, vừa có khả năng gia tăng giá trị theo chu kỳ, điển hình là căn hộ nghỉ dưỡng view biển.","TIN MỚI
Một sản phẩm bất động sản hội tụ ba yếu tố quan trọng
Quan sát qua nhiều chu kỳ thị trường, phân khúc căn hộ nghỉ dưỡng view biển liên tục cho thấy sức hút nhờ hội tụ đồng thời ba yếu tố quan trọng: tính khan hiếm của quỹ đất ven biển, khả năng tạo dòng tiền khi du lịch phục hồi và giá trị biểu tượng của phong cách sống bên biển.
Trước hết, quỹ đất ven biển luôn là nguồn tài nguyên hữu hạn. Nếu đô thị có thể mở rộng, hạ tầng có thể phát triển về các khu vực mới thì những vị trí sở hữu mặt biển đẹp, tầm nhìn thoáng và cảnh quan tự nhiên là hữu hạn, giá trị ngày càng hiếm.
Đặc biệt tại các điểm đến du lịch lớn, dư địa phát triển quỹ đất ven biển gần như không còn nhiều. Chính yếu tố khan hiếm này tạo nên nền tảng tăng giá dài hạn cho bất động sản nghỉ dưỡng view biển, bất chấp những biến động ngắn hạn của thị trường.
Bên cạnh đó, khi du lịch bước vào chu kỳ phục hồi, nhóm tài sản c"
T084,2026-08-28T06:51:00,"Thành phố giàu nhất miền Bắc dự kiến đón thêm gần 20.000 căn hộ, biệt thự và nhà liền kề ngay trong năm nay","Theo Savills, nguồn cung nhà ở Hà Nội được kỳ vọng tiếp tục mở rộng trong năm 2026, với khoảng 13.700 căn hộ và gần 6.000 căn biệt thự, nhà liền kề dự kiến được đưa ra thị trường trong phần còn lại của năm.","TIN MỚI
Savills vừa đưa ra nhận định về thị trường nhà ở Hà Nội. Theo nghiên cứu của đơn vị này, nguồn cung nhà ở tại Thủ đô được kỳ vọng tiếp tục mở rộng trong thời gian tới, nhờ sự tham gia của các đại đô thị mới cùng các chính sách hỗ trợ phát triển thị trường.
Ở phân khúc căn hộ, Savills dự kiến 22 dự án mới sẽ mở bán trong thời gian còn lại của năm, cung cấp khoảng 13.700 căn ra thị trường.
Trong khi đó, nguồn cung biệt thự và nhà liền kề cũng được đánh giá tích cực khi đến từ cả các dự án hiện hữu và dự án mới. Đơn vị này dự báo gần 6.000 căn sẽ được mở bán trong phần còn lại của năm 2026, tiếp theo là khoảng 28.000 căn trong giai đoạn 2027-2029.
Bà Đỗ Thị Thu Hằng, Giám đốc Cấp cao, Bộ phận Nghiên cứu và Tư vấn Savills Hà Nội, cho biết thị trường nhà ở Hà Nội đang bước vào giai đoạn chuyển tiếp khi các yếu tố ngắn hạn và dài hạn cùng tác động đến quyết định của người mua.
Trong ng"
T085,2026-05-26T07:00:00,Cuộc “đại phẫu” lớn nhất từ trước tới nay sẽ định hình lại thị trường bất động sản trong thập kỷ tới,"Theo ông Nguyễn Quốc Khánh - Chủ tịch DTJ Group, Trưởng ban hạ tầng VASI nếu trong giai đoạn tới Chính phủ chuyển hướng mạnh sang quan điểm nhà là để ở chứ không phải để đầu cơ tích sản và lấy phát triển nhà cho thuê làm trụ cột thì đây sẽ là một cuộc tái cấu trúc rất lớn của thị trường bất động sản Việt Nam trong 10–20 năm tới.","TIN MỚI
Chúng tôi xin giới thiệu bài viết toàn cảnh của ông Nguyễn Quốc Khánh - Chủ tịch DTJ Group, Trưởng ban hạ tầng VASI về vấn đề này:
""Phát triển nhà cho thuê làm trụ cột: Cuộc tái cấu trúc lớn trên thị trường bất động sản
Thị trường bất động sản Việt Nam đang đứng trước một giai đoạn chuyển đổi rất lớn. Trong nhiều năm qua, thị trường phát triển mạnh dựa trên mô hình: Tăng giá đất, đầu cơ tài sản, tích bất động sản, sử dụng đòn bẩy tài chính tín dụng và kỳ vọng quy hoạch, hạ tầng rồi tăng giá.
Tuy nhiên mô hình này cũng tạo ra nhiều hệ lụy như giá nhà tăng quá nhanh, người trẻ khó tiếp cận nhà ở, đất đai bị bỏ hoang, dòng tiền chảy mạnh vào đầu cơ thay vì sản xuất và bất động sản dần trở thành công cụ tích sản hơn là phục vụ nhu cầu ở thực.
Nếu trong giai đoạn tới Chính phủ chuyển hướng mạnh sang quan điểm “Nhà là để ở chứ không phải để đầu cơ tích sản” và lấy “phát triển nhà cho t"
T086,2026-01-08T07:47:00,Chấp thuận dự án nhà ở xã hội gần 1.100 tỷ đồng kế bên KCN,UBND tỉnh Quảng Ngãi vừa chấp thuận chủ trương đầu tư dự án nhà ở xã hội với tổng vốn gần 1.100 tỷ đồng. Dự án được triển khai gần Khu công nghiệp VSIP (xã Thọ Phong).,"TIN MỚI
Sở Xây dựng tỉnh Quảng Ngãi cho biết, UBND tỉnh đã quyết định chấp thuận chủ trương đầu tư, đồng thời giao thực hiện dự án     nhà ở xã hội    tại Khu thiết chế Công đoàn Quảng Ngãi.
Theo quyết định, Công ty CP Địa ốc xanh Sài Gòn Thuận Phước (TP. Đà Nẵng) là chủ đầu tư dự án, việc triển khai thực hiện do liên danh Công ty CP Địa ốc xanh Sài Gòn Thuận Phước và Công ty CP Tập đoàn VJCO (Hà Nội) đảm nhận. Dự án được triển khai trên khu đất rộng khoảng 2,57 ha tại xã Thọ Phong tỉnh     Quảng Ngãi    .
Theo quy hoạch chi tiết đã được phê duyệt, chủ đầu tư sẽ xây dựng 3 khối nhà cao 12 tầng, chiều cao khoảng 45m. Tổng diện tích xây dựng hơn 9.600m², tổng diện tích sàn hơn 102.000m², tương đương quy mô 1.209 căn hộ, đáp ứng nhu cầu an cư cho hơn 3.000 người.
Vị trí được xây dựng rất gần Khu công nghiệp VSIP Quảng Ngãi.
Không chỉ tập trung vào các khối nhà ở,     dự án    còn được đầu t"
T087,2026-05-24T13:40:36,Hướng tới mục tiêu mọi người dân đều có chỗ ở,"Nhà ở xã hội cho thuê cần được xem là một bộ phận của hạ tầng an sinh xã hội chủ yếu như giáo dục, y tế, giao thông công cộng","TIN MỚI
Văn phòng Trung ương Đảng mới đây đã ban hành thông báo kết luận buổi làm việc của Tổng Bí thư, Chủ tịch nước Tô Lâm với Đảng ủy Chính phủ và một số cơ quan về tình hình triển khai Chỉ thị số 34-CT/TW của Ban Bí thư và định hướng phát triển nhà ở trong thời gian tới.
Phát triển nhanh nhà ở cho thuê với giá hợp lý
Về định hướng phát triển nhà ở xã hội (NƠXH) và nhà ở trong thời gian tới, Tổng Bí thư, Chủ tịch nước yêu cầu quán triệt quan điểm quyền có nơi ở hợp pháp là quyền cơ bản của công dân, tiếp cận nhà ở an toàn, phù hợp với khả năng chi trả là thước đo của tiến bộ xã hội. Nhà nước có chính sách phát triển nhà ở để hướng tới mục tiêu mọi người đều có chỗ ở.
Theo Tổng Bí thư, Chủ tịch nước, phát triển nhà ở trong giai đoạn tới theo cơ chế thị trường có sự định hướng, quản lý hiệu quả của Nhà nước; Nhà nước không bao cấp về nhà ở, nhưng cũng không hoàn toàn để thị trường tự đi"
T088,2026-07-06T21:28:00,Tập đoàn Bắc Hà được giao thêm hơn 1ha đất làm Khu nhà ở xã hội - Tây Nam Kim Giang,Tập đoàn Bắc Hà được giao đất đợt 3 với diện tích hơn 1ha để làm Khu nhà ở xã hội - Tây Nam Kim Giang.,"TIN MỚI
UBND TP. Hà Nội mới đây ban hành Quyết định số 3351/QĐ-UBND về việc giao cho Công ty cổ phần Tập đoàn Bắc Hà 10.849m² đất (đợt 3) tại phường Định Công để thực hiện Dự án đầu tư xây dựng Khu nhà ở xã hội - Tây Nam Kim Giang tại ô đất CT6B thuộc Khu đô thị mới Tây Nam Kim Giang I.
Trong tổng diện tích 10.849m² đất có 8.889m² đất (ô đất CT6B1) để xây dựng nhà ở xã hội, chủ đầu tư được miễn tiền sử dụng đất; còn 1.960m² đất (ô đất TT6B2) để xây dựng nhà ở thương mại được Nhà nước giao đất có thu tiền sử dụng đất.
Thời hạn sử dụng toàn bộ diện tích đất nói trên đến ngày đến ngày 24/3/2076 (ngày Chủ đầu tư hết thời hạn sử dụng đất của Dự án theo Quyết định giao đất (đợt 1 đối với ô đất CT7) số 1299/QĐ-UBND ngày 24/3/2026 của Chủ tịch UBND Thành phố). Chủ sở hữu căn hộ được cấp Giấy chứng nhận quyền sử dụng đất, quyền sở hữu tài sản gắn liền với đất đối với diện tích căn hộ, diện tích đ"
T089,2026-01-26T08:00:00,Metro Suối Tiên - Thành Phố Mới mở trục phát triển đô thị TOD hướng Bình Dương cũ,"Metro đang trở thành hạt nhân quan trọng giúp TP.HCM tạo thế đa cực - đa trung tâm, kéo giá và thanh khoản bất động sản tăng. Tại Đông TP.HCM, bước ngoặt lịch sử đến rất gần khi các tuyến metro và TOD qua khu vực này đều đang nằm trong danh mục ưu tiên triển khai.","TIN MỚI
Ấn định thời gian triển khai Metro Suối Tiên - Thành Phố Mới
Tại cuộc họp Ban Thường vụ Thành ủy TP.HCM ngày 10/1/2026, thành phố thông tin sẽ đẩy mạnh triển khai đồng loạt 5 tuyến metro quan trọng với tổng chiều dài 167,3 km, khởi công đồng loạt trong giai đoạn 2026 - 2030. TP.HCM đặt mục tiêu đến năm 2030 có 6 tuyến metro đi vào khai thác.
Theo Nghị quyết số 06-NQ/TU ngày 10/1/2026, tuyến Metro Thành Phố Mới Bình Dương - Suối Tiên sẽ đẩy mạnh triển khai trong giai đoạn 2025 - 2030
Riêng khu Đông (Bình Dương cũ) sẽ ưu tiên tuyến Metro số 1 nối dài từ Suối Tiên đến Thành Phố Mới, dài 31,6 km với 17 nhà ga trên cao. Tổng diện tích quy hoạch TOD chạy dọc trục metro lên tới 1.120 ha. Điểm đầu nối với tuyến Metro số 1 đã vận hành ở ga Suối Tiên đi Bến Thành. Điểm đầu tại khu hành chính Thành Phố Mới, tạo hành lang giao thông chiến lược cho toàn khu vực.
Ý nghĩa của kết nối này nằm ở "
T090,2026-05-28T07:30:00,"Cuộc tái cấu trúc đô thị chưa từng có đang định hình BĐS Hà Nội, nhà đầu tư buộc phải nắm được những điều này","Chuyên gia của VARS cho rằng, trước đây, tăng trưởng thị trường bất động sản Hà Nội chủ yếu dựa trên mở rộng đô thị đơn cực và kỳ vọng hạ tầng, thì chu kỳ hiện nay đang chuyển sang mô hình phát triển dựa trên chất lượng hạ tầng, hiệu quả vận hành đô thị và nhu cầu ở thực.","TIN MỚI
Bất động sản bước vào chu kỳ phát triển mới
Theo Hội Môi giới Bất động sản Việt Nam (VARS), quá trình tái cấu trúc đô thị đang kéo theo sự thay đổi rõ nét trong cấu trúc phát triển của thị trường bất động sản Hà Nội.
Nếu trước đây, tăng trưởng thị trường chủ yếu dựa trên mở rộng đô thị đơn cực và kỳ vọng hạ tầng, thì chu kỳ hiện nay đang chuyển sang mô hình phát triển dựa trên chất lượng hạ tầng, hiệu quả vận hành đô thị và nhu cầu ở thực.
Điều này thể hiện qua việc hàng loạt khu đô thị quy mô lớn đang được triển khai dọc các hành lang hạ tầng mới. Nguồn cung thị trường được kỳ vọng đa dạng hơn, bao gồm nhà ở cao cấp, trung cấp, nhà ở thương mại vừa túi tiền, nhà ở xã hội và nhà ở cho thuê.
Đáng chú ý, nhà ở xã hội, trong đó có nhà ở cho thuê, đang dần trở thành một trụ cột quan trọng trong chính sách an sinh xã hội và chiến lược phát triển đô thị của Hà Nội. Khi thành phố chuyển"
T091,2026-03-24T20:54:00,Doanh nghiệp nhóm Trần Thái được giao đất làm dự án Khu cao ốc căn hộ,"Bất động sản Tân Việt Phát- doanh nghiệp nhóm Trần Thái, được giao đất, cho phép chuyển mục đích sử dụng đất để thực hiện dự án Khu cao ốc căn hộ Tân Việt Phát tại phường Đông Hòa, TP.HCM.","TIN MỚI
Mới đây, UBND TP.HCM đã có quyết định về việc giao đất, cho phép Công ty CP Bất động sản Tân Việt Phát (BĐS Tân Việt Phát) chuyển mục đích sử dụng đất để thực hiện dự án Khu cao ốc căn hộ Tân Việt Phát tại phường Đông Hòa, TP.HCM.
Cụ thể, BĐS Tân Việt Phát được giao đất, chuyển mục đích sử dụng đất đối với diện tích 22.795,4m2 (bao gồm: 20.804,6m² đất trồng cây lâu năm; 158,9m² đất kênh - không còn hiện trạng; 609,3m² đất kênh, rạch - không còn hiện trạng và 1.222,6m² hành lang Quốc lộ 1A) kết hợp với phần diện tích 872,8m² đất ở tại đô thị.
Mục đích sử dụng đất: Đất ở tại đô thị (19.932,7m2); Đất công trình giao thông (3.735,5m2). Thời hạn sử dụng đất là 50 năm, kể từ ngày UBND TP.HCM ban hành quyết định.
Về hình thức sử dụng đất, đối với đất ở tại đô thị (Đất hỗn hợp nhóm nhà ở và dịch vụ), Nhà nước giao đất có thu tiền sử dụng đất.
Đối với đất công trình giao thông, Nhà nước g"
T092,2025-11-25T08:00:00,BĐS thấp tầng Hà Nội: Tài sản gia tăng bền vững trong nhịp dịch chuyển dòng vốn,"Trong cuộc tái cơ cấu danh mục đầu tư cuối năm, bất động sản thấp tầng Hà Nội trở thành lựa chọn hấp dẫn khi vừa đảm bảo an toàn vốn, vừa hưởng lợi từ chu kỳ hạ tầng mới.","TIN MỚI
Tài sản ""tích sản"": giữ giá trong trầm lắng, bật tăng theo hạ tầng
Quý IV hằng năm là giai đoạn nhà đầu tư cơ cấu lại danh mục, gia tăng tỷ trọng vào những tài sản an toàn nhưng vẫn có dư địa tăng giá khi chu kỳ mới mở ra. Trong bối cảnh lãi suất ngân hàng có dấu hiệu tăng nhưng biên độ chưa đủ hấp dẫn so với mặt bằng thời giá, và thị trường tài chính liên tục biến động, dòng vốn đang có xu hướng quay trở lại bất động sản, đặc biệt là phân khúc thấp tầng Hà Nội, vốn nổi bật nhờ tính hữu hạn, giá trị thực và biên độ tăng trưởng ổn định.
Trong các nhịp điều chỉnh của thị trường, nhà đầu tư có xu hướng thận trọng với các sản phẩm đầu tư ngắn hạn để dịch chuyển sang tài sản hữu hình và có giá trị sử dụng thực. Tại Hà Nội, biệt thự, liền kề trở thành ""điểm trú ẩn an toàn"" nhờ ba yếu tố then chốt: quỹ đất hạn chế, đáp ứng nhu cầu ở thực, và mức độ khan hiếm nguồn cung.
Theo CBRE, nguồn"
T093,2025-12-20T11:00:00,"Tập đoàn Cloud Gate khẳng định tầm nhìn phát triển đô thị đa phân khúc, bền vững","Sáng ngày 19/12/2025, Tập đoàn Cloud Gate đã long trọng tổ chức Lễ khởi công Dự án Cloud Reserve Central Tuy Hoa, đồng thời khởi động Dự án Nhà ở Xã hội An Phú (Cloud Living An Phu) và giới thiệu định hướng phát triển dự án cao tầng Cloud Icon L’Avenir tại khu vực phía Đông tỉnh Đắk Lắk.","TIN MỚI
Chuỗi sự kiện đánh dấu bước phát triển quan trọng trong chiến lược đầu tư đa phân khúc, dài hạn, gắn với trách nhiệm xã hội và mục tiêu phát triển bền vững của doanh nghiệp tại địa phương.
Buổi lễ có sự tham dự của lãnh đạo UBND tỉnh Đắk Lắk, đại diện các sở, ban, ngành, chính quyền địa phương, đối tác chiến lược, nhà đầu tư cùng đông đảo cơ quan thông tấn báo chí trung ương và địa phương.
Dự án hạt nhân kiến tạo không gian đô thị thấp tầng cao cấp
Cloud Reserve Central Tuy Hoa (Khu dân cư đô thị liền kề phía Bắc đường Trần Phú, phường Tuy Hòa, tỉnh Đắk Lắk) được triển khai tại khu vực phía Bắc đường Trần Phú – một trong những không gian phát triển đô thị trọng điểm của tỉnh Đắk Lắk. Dự án có quy mô 1,84 hecta, bao gồm 16 căn biệt thự đơn lập và 118 căn nhà liền kề sở hữu lâu dài, được quy hoạch đồng bộ theo tiêu chuẩn hiện đại.
Dự án Cloud Reserve Centeal Tuy Hoa gồm 16 biệt thự"
T094,2026-01-28T17:28:00,"Hà Nội đặt mục tiêu mỗi người dân có tối thiểu 45 m2 nhà ở, siết xây chung cư mới trong nội đô","Dự kiến đến năm 2035, Hà Nội nâng mức tối thiểu lên 45 m2 sàn/người. Như vậy thành phố cần hoàn thành 127,5 triệu m2 sàn nhà ở trong giai đoạn 2031-2035.","TIN MỚI
HĐND TP Hà Nội vừa thông qua Nghị quyết điều chỉnh Chương trình phát triển nhà ở giai đoạn 2021 - 2030.
Theo đó, trên địa bàn các xã, phường trong khu vực nội đô lịch sử hạn chế tối đa phát triển nhà chung cư trong các dự án đầu tư xây dựng mới nhà ở thương mại, nhà ở xã hội (trừ dự án cải tạo, xây dựng lại nhà chung cư, tái định cư). Qua đó nhằm hạn chế tối đa việc gia tăng dân số và quá tải hạ tầng.
Hà Nội sẽ hình thành và triển khai các khu đô thị đa chức năng (nhà ở thương mại, nhà ở xã hội, nhà ở tái định cư, nhà ở phục vụ nhân lực công nghệ cao), các khu đô thị lớn, quan trọng phải gắn với Quy hoạch tổng thể Thủ đô Hà Nội với tầm nhìn 100 năm.
Giai đoạn 2021 - 2030, thành phố đặt mục tiêu phát triển 255 triệu m2 sàn nhà ở, tương đương 1.821.700 căn nhà, nâng chỉ tiêu diện tích nhà ở bình quân lên tối thiểu 40 m2 sàn/người. Dự kiến đến năm 2035, Hà Nội nâng mức tối thiểu lên"
T095,2026-07-26T14:18:00,Hà Nội phê duyệt hàng chục dự án trong kế hoạch phát triển nhà ở giai đoạn 2026-2030,"Trong danh mục được phê duyệt lần này có 03 dự án nhà ở cho thuê, 42 dự án nhà ở xã hội đăng ký cập nhật mới, 34 dự án nhà ở thương mại, khu đô thị đăng ký mới...","TIN MỚI
Phó Chủ tịch UBND Thành phố Dương Đức Tuấn đã ký ban hành Quyết định số 3602/QĐ-UBND ngày 17/7/2026 về việc phê duyệt cập nhật danh mục các dự án đầu tư xây dựng nhà ở, khu đô thị trong Kế hoạch phát triển nhà ở Thành phố Hà Nội giai đoạn 2026-2030 (Đợt 1).
Trong đó, quyết định phê duyệt 03 dự án nhà ở cho thuê trên địa bàn gồm: Dự án Đầu tư xây dựng Khu nhà ở cho thuê tại một phần quỹ đất thuộc khu đất xây dựng khu nhà ở giãn dân phố cổ Hà Nội, phường Việt Hưng với diện tích đất 24.615 m2, quy mô đầu tư 3.562,7 tỷ đồng;
Dự án Xây dựng nhà ở cho thuê tại Khu đô thị mới Pháp Vân - Tứ Hiệp với diện tích đất 19.000m2, quy mô đầu tư 1.395,7 tỷ đồng. Dự án còn lại là Khu nhà ở cho thuê tại khu đất thực hiện Dự án Khu công viên công nghệ thông tin Hà Nội (trước đây) tại phường Long Biên với diện tích đất 360.674, quy mô đầu tư 29.334 tỷ đồng.
Quyết định cũng phê duyệt danh mục cập nhật"
T096,2026-04-21T12:35:00,"Dat Xanh Services: Thị trường BĐS đang chuyển sang giai đoạn ""xem nhiều hỏi kỹ""",Nguồn cung tăng mạnh nhưng sức mua suy yếu vì lãi suất cao đang đẩy thị trường bất động sản TPHCM vào trạng thái chững lại rõ rệt ngay đầu năm 2026.,"TIN MỚI
Thị trường BĐS TPHCM chững lại từ đầu năm 2026
Theo Báo cáo thị trường bất động sản quý 1/2026 của Dat Xanh Services, thị trường bất động sản
Tp.HCM
ghi nhận sự trở lại mạnh mẽ của nguồn cung, chủ yếu đến từ các dự án quy mô lớn, pháp lý hoàn chỉnh của các chủ đầu tư lớn. Đây là tín hiệu tích cực sau giai đoạn trầm lắng kéo dài.
Tuy nhiên, Báo cáo của Đất Xanh cho biết thị trường không còn “dễ bán” khi nguồn cung tăng nhanh kéo theo sự phân hóa rõ rệt như các dự án có vị trí tốt, hạ tầng đồng bộ vẫn có giao dịch, trong khi đất nền và sản phẩm đầu cơ ở vùng ven Tp.HCM tiếp tục ở trạng thái ế ẩm.
So với các khu vực khác,
Tp.HCM
không còn dẫn đầu về nguồn cung mới khi miền Bắc chiếm tỷ trọng lớn hơn và duy trì sức mua tốt hơn. Miền Trung dù tăng trưởng nguồn cung mạnh nhưng thanh khoản vẫn thấp, còn miền Tây giữ quy mô nhỏ, giá mềm và ít biến động. Trong bức tranh đó,
Tp.HCM
rơi vào"
T097,2025-11-03T11:07:00,Chân dung chủ đầu tư làm khu đô thị 22.000 tỷ đồng ở Gia Lai,"Dự án Khu đô thị, du lịch, văn hóa, thể thao hồ Phú Hòa do liên danh Geleximco-Glexhomes-Phúc Lộc-Cienco 8 đầu tư có tổng vốn gần 22.000 tỷ đồng.","TIN MỚI
Một góc Quy Nhơn.
UBND tỉnh Gia Lai đã có Quyết định phê duyệt kết quả lựa chọn nhà đầu tư thực hiện dự án ""Khu đô thị - Du lịch - Văn hóa - Thể thao hồ Phú Hòa"".
Dự án có quy mô gần 280ha, được triển khai tại phường Quy Nhơn Bắc, Quy Nhơn Nam và Quy Nhơn (tỉnh Gia Lai). Dự án có quy mô dân số khoảng 34.500 người, bao gồm các hạng mục nhà ở thấp tầng, chung cư thương mại, nhà ở xã hội, cùng hệ thống hạ tầng kỹ thuật, hạ tầng xã hội, công trình công cộng, giáo dục, y tế, văn hóa - thể thao, dịch vụ du lịch...
Tổng mức đầu tư của dự án là hơn 21.954 tỷ đồng, trong đó chi phí thực hiện dự án hơn 20.793 tỷ đồng; trong đó, chi phí bồi thường, hỗ trợ, tái định cư là 1.161 tỷ đồng.
Dự án sẽ được thực hiện trong 15 năm (từ Quý II/2025 đến Quý IV/2040), chia làm 2 giai đoạn:
Giai đoạn 1 (Quý II/2025 - Quý II/2028): Hoàn thiện các thủ tục lựa chọn nhà đầu tư, giải phóng mặt bằng, hoàn thàn"
T098,2026-03-26T11:02:00,"""Có nên xuống tiền bất động sản thời điểm này hay không?"", một sếp bất động sản nói thẳng","Ông Nguyễn Quốc Anh - Phó Tổng Giám đốc Batdongsan.com.vn cho rằng, thời điểm này phù hợp với những người có nhu cầu ở thực hoặc nhà đầu tư có tầm nhìn dài hạn.","TIN MỚI
Tại Hội thảo “Lãi suất và cơ hội đầu tư bất động sản trong chu kỳ tăng trưởng mới” diễn ra mới đây, ông Nguyễn Quốc Anh - Phó Tổng Giám đốc Batdongsan.com.vn cho biết, từ khi có thông tin lãi suất tăng, mức độ quan tâm, tìm kiếm bất động sản của người dân không ảnh hưởng quá nhiều.
Theo khảo sát, giai đoạn sau Tết, lượng quan tâm tiệm cận gần với những năm trước chỉ giảm khoảng 10-15%. Mức độ quan tâm về giá với thị trường Hà Nội, đất nền giảm 4%, trong khi đó chung cư, nhà riêng đi ngang. Đặc biệt, mức độ quan tâm tới phân khúc chung cư tăng 30% so với trước Tết… Điều này cho thấy nhu cầu thực vẫn hiện hữu và thị trường không rơi vào trạng thái ""đóng băng"" như nhiều lo ngại.
Theo ông Quốc Anh, câu hỏi ""có nên xuống tiền bất động sản thời điểm này hay không?"" cần được nhìn nhận trong bối cảnh thị trường đang bước vào giai đoạn điều chỉnh và phân hóa rõ nét hơn.
Ở bất kỳ giai đoạn"
T099,2026-02-07T07:42:00,"Làm sao để mua nhà ở xã hội Lý Thường Kiệt giá hơn 21,6 triệu đồng/m2?","Hơn 1.000 căn nhà ở xã hội bán và cho thuê đường Lý Thường Kiệt mở bán với giá chỉ hơn 21,6 triệu đồng/m2.","TIN MỚI
Sở Xây dựng TP HCM vừa công bố thông tin chính thức về dự án nhà ở xã hội tại đường Lý Thường Kiệt (dự án Phú Thọ DMC), phường Diên Hồng.
Dự án tọa lạc tại số 324 Lý Thường Kiệt, phường Diên Hồng do Công ty CP Đức Mạnh làm chủ đầu tư. Dự án được triển khai trên khu đất rộng 14.703,3m², gồm 4 khối chung cư cao 25 tầng, với tổng cộng 1.254 căn hộ.
Trong cơ cấu sản phẩm, dự án có 755 căn nhà ở xã hội để bán, diện tích từ 34,53m² đến 77,01m²; 270 căn nhà ở xã hội cho thuê, diện tích từ 34,53m² đến 73,38m². Phần còn lại là các căn hộ kinh doanh thương mại theo quy định.
Theo kế hoạch, dự án sẽ hoàn thành xây dựng trong vòng 15 tháng và nghiệm thu, bàn giao đưa vào sử dụng trong 18 tháng kể từ ngày 10-2-2025. Thời điểm dự kiến bàn giao căn hộ là tháng 8-2026.
Người dân có nhu cầu mua, thuê nhà ở xã hội tại dự án có thể nộp hồ sơ đăng ký từ ngày 1-2 đến hết ngày 31-3 tại địa chỉ số 324 "
T100,2025-12-10T13:30:00,Cư dân I-Home đón tết vui khi được cấp sổ hồng,"Niềm vui vỡ òa với cư dân I-Home khi sổ hồng được trao tay ngay trước thềm năm mới 2026, mang đến một cái Tết trọn vẹn hơn bao giờ hết. Và đồng thời cũng mở ra cho TP.HCM một mô hình giúp giải quyết nhu cầu an sinh cho người dân.","TIN MỚI
Vừa qua, UBND TP.HCM đã chính thức kết luận việc cấp sổ hồng cho cư dân I-Home, mở ra một mùa xuân ấm áp cho người dân nơi đây. Đây như một tin vui dành cho cư dân I-Home vào dịp Tết Nguyên đán 2026 khi nhận được sổ hồng. Tết năm nay sẽ không chỉ là dịp đoàn viên mà còn là khoảnh khắc đáng nhớ trong cuộc sống của từng cư dân khi được chính thức công nhận quyền sở hữu căn hộ của mình.
Dự án I-Home tọa lạc tại địa chỉ 359 Phạm Văn Chiêu, Phường An Hội Tây (trước đây là Phường 14, Quận Gò Vấp cũ), TP.HCM. Dự án này đã hoàn thiện và bàn giao nhà cho cư dân từ tháng 11/2017. Tuy nhiên, công cuộc cấp sổ hồng cho các hộ gia đình tại đây không hề dễ dàng. Một trở ngại lớn kéo dài suốt 10 năm qua là bất ngờ xuất hiện diện tích đất ao rau muống rộng khoảng 90m2 trong sân dự án từ những năm 80 không có trong hồ sơ mua lại dự án, khiến chủ đầu tư phải chật vật tìm cách giải quyết.
Ở dự án nà"
T101,2026-07-24T11:16:00,Nhà ở xã hội TPHCM có giá chưa tới 20 triệu đồng/m2,"Dự án nhà ở xã hội Eco Home 1 ở phường Phú Mỹ được Sở Xây dựng TPHCM công khai giá bán với mức giá 19,8 triệu đồng/m2. Giá này đã bao gồm VAT nhưng chưa tính 2% phí bảo trì.","TIN MỚI
Sở Xây dựng TPHCM vừa công khai giá bán tại dự án chung cư nhà ở xã hội CC1 (Eco Home 1), thuộc khu nhà ở Ecotown Phú Mỹ (phường Phú Mỹ) với mức giá 19,8 triệu đồng/m2. Mức giá này được áp dụng hệ số điều chỉnh từ 0,9 đến 1,1 - tùy theo vị trí, tầng cao và đặc điểm của từng căn hộ. Giá công bố đã bao gồm VAT nhưng chưa tính 2% phí bảo trì.
Chung cư nhà ở xã hội CC1 (Eco Home 1), thuộc dự án Khu nhà ở Ecotown Phú Mỹ đặt tại mặt tiền đường Trường Chinh, phường Phú Mỹ. Theo Sở Xây dựng TPHCM, mức giá bán này đã được Viện Kinh tế xây dựng thẩm tra.
Trên cơ sở đề nghị của chủ đầu tư, Sở Xây dựng TPHCM đã kiến nghị UBND TPHCM đăng tải công khai thông tin giá bán này lên Cổng thông tin điện tử TPHCM và Trang thông tin điện tử của Sở Xây dựng để người dân được biết.
Theo quy định, trong vòng 180 ngày kể từ khi nghiệm thu hoàn thành công trình đưa vào sử dụng, chủ đầu tư có trách nhiệm th"
T102,2026-02-18T11:18:00,Nhiều quy định mới tháo gỡ khó khăn cho thị trường bất động sản từ 2026,"Từ năm 2026, hàng loạt quy định mới liên quan đến nhà ở, đất đai và xây dựng sẽ được triển khai với mục tiêu tháo gỡ vướng mắc pháp lý, giảm chi phí cho người dân và doanh nghiệp.","TIN MỚI
Sửa Luật Nhà ở, Luật Kinh doanh bất động sản
Tại Hội nghị tổng kết công tác năm 2025 và triển khai nhiệm vụ trọng tâm năm 2026 của Bộ Xây dựng diễn ra hồi tháng 12/2025, Thứ trưởng Nguyễn Việt Hùng cho biết Bộ sẽ nghiên cứu, kiến nghị sửa đổi Luật Nhà ở và Luật Kinh doanh bất động sản nhằm khơi thông thị trường.
Trong đó chú trọng đến việc nghiên cứu, tháo gỡ các khó khăn vướng mắc cho doanh nghiệp, đơn giản hóa thủ tục hành chính nhằm tạo hành lang pháp lý thông thoáng để thúc đẩy phát triển nhà ở, thị trường bất động sản, nhất là tạo nguồn cung cho nhà ở xã hội, góp phần cải thiện chất lượng sống cho người dân.
Theo Thứ trưởng Nguyễn Việt Hùng nhìn nhận, giá giao dịch bất động sản có xu hướng tăng dần theo năm nhưng chưa phản ánh đúng giá trị thực của bất động sản do còn hiện tượng găm hàng, nâng giá, đầu cơ, làm gia tăng mặt bằng giá bất động sản, gây mất cân đối cung - cầu.
Ả"
T103,2025-10-17T18:13:00,Một nơi có giá đất tăng 25.000%,Đây là giá đất cao bất ngờ.,"TIN MỚI
Manuel Villar - tỷ phú giàu nhất Philippines - đã chuyển quyền sở hữu một khu đất trong tập đoàn sang công ty khác thuộc cùng hệ thống, rồi thông báo giá trị khu đất này tăng vọt 25.000%, từ 93 triệu USD lên 23,3 tỷ USD.
Cú tăng giá bất động sản khó tin này, được công ty Golden MV Holdings - công ty niêm yết của ông Villar - công bố hồi tháng 3, khiến giới tài chính Manila sửng sốt.
Các kiểm toán viên từ chối xác nhận báo cáo, cơ quan quản lý chứng khoán đình chỉ giao dịch cổ phiếu và mở cuộc điều tra. Cuối cùng, Golden MV phải giảm lại giá trị khu đất xuống 99%, gần như quay về mức ban đầu.
Vụ việc khiến dư luận chú ý trở lại tới đế chế kinh doanh đã đưa ông Villar, từ xuất thân nghèo khó trong khu ổ chuột, trở thành tỷ phú hàng đầu Philippines, với khối tài sản 22,9 tỷ USD, theo chỉ số Bloomberg Billionaires Index.
Golden MV chuyên phát triển nghĩa trang, công viên tưởng niệm v"
T104,2025-10-26T19:45:00,TP.HCM chỉ có 3 dự án nhà ở xã hội được giải ngân hơn 280 tỷ đồng,"Tính đến cuối tháng 10, chương trình cho vay nhà ở xã hội, nhà ở công nhân và cải tạo chung cư cũ chỉ mới giải ngân hơn 280 tỷ đồng cho 3 dự án tại TP.HCM.","TIN MỚI
Chiều 26/10, đại diện     Ngân hàng Nhà nước Việt Nam    (NHNN) Khu vực 2 cho biết, tính đến cuối tháng 10, chương trình cho vay nhà ở xã hội, nhà ở công nhân, dự án cải tạo, xây dựng lại chung cư cũ theo Nghị quyết 33/NQ-CP ngày 11/3/2023 của Chính phủ đã có 12 dự án được phê duyệt tại TP.HCM.
TP.HCM chỉ có 3 dự án nhà ở xã hội được giải ngân hơn 280 tỷ đồng. (Ảnh: Đ.V)
Theo     NHNN Khu vực 2    , trong số các dự án được phê duyệt chỉ có 3 dự án được giải ngân theo gói tín dụng cho vay nhà ở xã hội, nhà ở công nhân. Doanh số giải ngân lũy kế đạt hơn 280 tỷ đồng, dư nợ đạt gần 261 tỷ đồng. Trong gói này, chỉ có 2 khách hàng cá nhân được giải ngân hơn 1,5 tỷ đồng.
Ngoài ra, các tổ chức tín dụng tại TP.HCM cũng giải ngân cho 3 dự án nhà ở xã hội ngoài địa bàn thành phố với số giải "
T105,2026-04-16T16:33:00,10.000 căn hộ HH Linh Đàm chưa có sổ đỏ: Được chọn lấy lại tiền hoặc đổi nhà mới,"Người dân ở 10.000 căn hộ tại chung cư HH Linh Đàm (phường Hoàng Liệt, Hà Nội) vừa nhận được phiếu thu thập thông tin để có phương án xử lý sai phạm của chủ đầu tư.","TIN MỚI
Phường Hoàng Liệt (Hà Nội) vừa triển khai phát “phiếu thu thập thông tin” để lấy ý kiến người dân mua căn hộ tại các tòa VP3, VP5 và các toà khu chung cư HH Linh Đàm về phương án xử lý sai phạm của chủ đầu tư.
Trong phiếu, hai phương án chính được đưa ra gồm: Trả lại căn hộ để nhận lại tiền đã mua; Được đền bù bằng một căn hộ khác có giá trị tương đương tại Khu đô thị Thanh Hà.
Tuy nhiên, nhiều ý kiến vẫn tiếp tục thể hiện mong muốn căn hộ được cấp sổ đỏ. Cư dân cũng đề nghị cơ quan chức năng tổ chức buổi trao đổi trực tiếp, lắng nghe đầy đủ ý kiến thực tế trước khi đưa ra quyết định.
Người dân ở tại 10.000 căn hộ HH Linh Đàm được lấy ý kiến chọn trả nhà lấy lại tiền hoặc đổi nhà mới.
Khu chung cư HH Linh Đàm tại phường Hoàng Liệt (Hà Nội) đi vào hoạt động từ năm 2015 với tổng số khoảng 10.000 căn hộ. Hiện tại, đây là một trong những tổ hợp chung cư đông dân nhất của thành phố vớ"
T106,2026-05-24T15:53:00,Chuyên gia: Nhà xã hội cho thuê là chìa khóa hiện thực hóa chỉ đạo ‘nhà là để ở’,"Theo chuyên gia, để người thu nhập thấp có nhà, Nhà nước phải chủ động tạo ra nguồn cung rẻ ngay từ gốc và mô hình nhà ở xã hội cho thuê - thuê mua sẽ giải được bài toán này.","TIN MỚI
Tổng Bí thư, Chủ tịch nước Tô Lâm vừa chỉ đạo, yêu cầu thúc đẩy việc tăng tốc phát triển thị trường nhà ở cho thuê, khuyến khích khu vực tư nhân cùng các tổ chức phi lợi nhuận tham gia vào xây dựng, tài trợ vốn, quản lý     cho thuê căn hộ giá rẻ    , nhằm hỗ trợ các gia đình có thu nhập thấp không có khả năng mua nhà, có chỗ ở ổn định lâu dài.
Các chuyên gia kinh tế cho rằng, đây là giải pháp căn cơ trong bối cảnh hiện nay nhiều người thu nhập thấp đang thiếu nơi ở và không đủ điều kiện mua nhà.
""An cư lạc nghiệp"" phải được hiểu khác đi
Theo TS Đinh Thế Hiển, từ nhiều năm trước, nhiều chuyên gia đã đề xuất câu chuyện phát triển     nhà ở xã hội    cho thuê, nhà ở cho thuê nhằm đáp ứng nhu cầu làm việc, học tập của người lao động thành thị, nhất là khu vực TP.HCM, Hà Nội vốn “khát” nhà ở.
Để người thu nhập thấp có nhà, Nhà nước phải chủ động tạo ra nguồn cung rẻ ngay từ gốc. (Ảnh"
T107,2026-05-15T10:00:00,Hơn 1.000 đại sứ kinh doanh bùng nổ tại lễ ra quân dự án Anh Nguyen OceanFront Horizon,"Sáng ngày 14/05, tại Quinter Central, hơn 1.000 đại sứ kinh doanh đến từ 23 đại lý phân phối đã cùng hội tụ trong lễ ra quân dự án Anh Nguyen OceanFront Horizon – sự kiện được đánh giá là một trong những hoạt động khởi động quy mô và giàu cảm hứng của thị trường bất động sản Nha Trang thời điểm hiện tại.","TIN MỚI
Sự kiện  do đơn vị tư vấn phát triển kinh doanh MSH Group phối hợp cùng chủ đầu tư Anh Nguyễn tổ chức với chủ đề ""MASTERPIECE IN MOTION"", lấy cảm hứng từ hành trình đánh thức một biểu tượng sống mới bên vịnh biển Nha Trang.
Hành trình đánh thức biểu tượng mới bên vịnh biển
Ngay từ sáng sớm, không khí tại sự kiện đã trở nên sôi động khi hàng nghìn chuyên viên kinh doanh đồng loạt xuất hiện với tinh thần nhiệt huyết và quyết tâm cao độ. Hội trường liên tục bùng nổ bởi những màn hô vang khẩu hiệu, tiếng cổ vũ và nguồn năng lượng mạnh mẽ từ lực lượng bán hàng hùng hậu.
Sự hội tụ của hơn 1.000 đại sứ kinh doanh không chỉ cho thấy sức nóng của dự án Anh Nguyen OceanFront Horizon mà còn phản ánh niềm tin của thị trường vào những sản phẩm sở hữu giá trị thực, pháp lý bền vững và tiềm năng tăng trưởng dài hạn trong chu kỳ mới của bất động sản.
Không đơn thuần là một lễ ra quân, sự kiện cò"
T108,2026-02-03T14:22:00,Sở Xây dựng TPHCM nói việc siết nghĩa vụ nhà ở xã hội,"Theo Quyết định số 76/2025 vừa được UBND TPHCM ban hành, trường hợp quỹ đất xây dựng nhà ở xã hội được đề xuất phê duyệt quy hoạch, bố trí ở vị trí khác trong cùng khu vực phát triển nhà ở xã hội thì phải bảo đảm có diện tích đất theo quy hoạch là đất ở tương đương hoặc lớn hơn diện tích đất ở có dành để xây dựng nhà ở xã hội đã được duyệt.","TIN MỚI
Sở Xây dựng TPHCM vừa lên tiếng phản hồi về đề xuất “siết” nhà ở xã hội. Theo Sở Xây dựng, trước đây việc thực hiện nghĩa vụ nhà ở xã hội trong các dự án bất động sản có 3 hình thức bằng tiền, bằng nhà, bằng đất.
Đến nay chỉ có 2 hình thức bằng tiền hoặc bằng đất. Riêng đối với việc thực hiện nghĩa vụ nhà ở xã hội bằng đất thì có 2 hình thức bằng đất tại dự án bất động sản hoặc tại vị trí khác ngoài phạm vi dự án đó.
Qua rà soát, Sở Xây dựng TPHCM đã tổng hợp được khoảng 90 dự án nhà ở xã hội được chấp thuận chủ trương đầu tư từ quỹ đất 20% trong các dự án bất động sản.
Trên cơ sở ý kiến của Sở Quy hoạch - Kiến trúc TPHCM về nhu cầu nhà ở xã hội, quy hoạch bố trí quỹ đất xây dựng nhà ở xã hội tại khu vực để có báo cáo, tham mưu UBND TPHCM quyết định việc chủ đầu tư dự án nhà ở thương mại thực hiện nhà ở xã hội tại dự án theo các hình thức, gồm dành một phần diện tích đất ở trong "
T109,2025-11-14T16:26:00,Cần định hướng dòng vốn vào phân khúc nhà ở “hợp túi tiền”,Các chuyên gia cho rằng cần sớm có giải pháp điều chỉnh dòng vốn về nhà ở vừa túi tiền để thị trường bất động sản phát triển ổn định và bền vững.,"TIN MỚI
Mặc dù thời gian qua Chính phủ liên tục yêu cầu kiểm soát chặt tín dụng với lĩnh vực nhiều rủi ro, bao gồm bất động sản, song các chuyên gia cho rằng việc thực thi vẫn cần quyết liệt hơn. Giải pháp then chốt là điều chỉnh dòng tiền thực sự chảy vào các phân khúc phục vụ nhu cầu thực, nhất là phân khúc vừa túi tiền thay vì vốn đổ vào tài sản đầu cơ.
Theo số liệu mới nhất từ Ngân hàng Nhà nước, tính đến ngày 31/8, tổng dư nợ tín dụng bất động sản trên toàn hệ thống đã đạt khoảng 4,1 triệu tỷ đồng, trong đó dư nợ cho hoạt động kinh doanh bất động sản chiếm 1,823 triệu tỷ đồng cho thấy dòng vốn ngân hàng đang quay trở lại hỗ trợ thị trường sau giai đoạn trầm lắng.
Hội Môi giới bất động sản Việt Nam (VARS) cho biết, thị trường địa ốc hiện đang tiềm ẩn rủi ro khi giá nhà tăng nhanh, vượt xa khả năng chi trả của đại đa số người dân, tạo ra khoảng cách lớn giữa người có nhà và người chưa"
T110,2026-06-16T09:46:00,"Cải tạo chung cư cũ: Linh hoạt cơ chế đền bù, hỗ trợ","Thời gian qua, công tác cải tạo chung cư cũ, xuống cấp tại TPHCM gặp khó khăn, khiến nhiều người dân tại đó phải sống phập phồng. Để tháo gỡ những vướng mắc, đẩy nhanh tiến độ cải tạo, thành phố đã có những chỉ đạo quyết liệt đi kèm bổ sung các cơ chế ưu đãi cho doanh nghiệp xây dựng.","TIN MỚI
Sống bất an, nhưng vẫn bám trụ
TPHCM hiện có khoảng 16 chung cư cấp D (thuộc diện hư hỏng nặng, nguy hiểm) cần được cải tạo, tháo gỡ xây dựng lại. Trong đó, chung cư Vĩnh Hội (phường Khánh Hội) được xây trước năm 1975, có quy mô 4 tầng với 244 căn hộ. Từ cuối năm 2019, địa phương đã có kế hoạch di dời người dân ra khỏi chung cư, nhưng cho đến nay vẫn chưa thực hiện xong.
Theo ghi nhận của phóng viên, chung cư đã xuống cấp trầm trọng, một số nơi bê tông bong tróc, rơi xuống mái tôn tầng trệt thành đống. Tại các khu vực có kết cấu yếu được chống đỡ bằng thanh sắt và treo bảng cảnh báo. Khoảng 50% căn hộ đã được di dời đi nơi khác và còn hơn 100 hộ dân vẫn bám trụ. Ông Huỳnh Văn Út, sống ở tầng trệt lô C, than thở: “Dù sống trong nguy hiểm nhưng gia đình chúng tôi chưa thể rời đi vì căn hộ bố trí tạm cư vẫn chưa sửa chữa xong”.
Còn tại chung cư Trúc Giang, phường Xóm Chiếu, hơn 4 nă"
T111,2026-03-06T11:33:00,"Vì sao người dân không nộp được hồ sơ mua nhà ở xã hội Lý Thường Kiệt giá hơn 21,6 triệu đồng/m2?",Nhiều người dân phản ánh chưa thể nộp hồ sơ mua nhà ở xã hội tại dự án 324 Lý Thường Kiệt dù thời gian đăng ký đã được công bố.,"TIN MỚI
Trước đó, vào đầu tháng 2, Sở Xây dựng TP.HCM đã công bố thông tin chính thức về dự án nhà ở xã hội 324 Lý Thường Kiệt. Theo thông báo, người dân có nhu cầu mua hoặc thuê nhà ở xã hội tại dự án có thể
nộp hồ sơ đăng ký từ ngày 1/2 đến hết ngày 31/3
tại địa chỉ
324 Lý Thường Kiệt, phường Diên Hồng
.
Tuy nhiên, theo phản ánh của một số người dân, dù thời gian nộp hồ sơ đã được thông báo,
chủ đầu tư vẫn chưa tổ chức tiếp nhận đăng ký
, khiến nhiều người có nhu cầu gặp khó khăn trong việc hoàn thiện thủ tục.
Giải thích về mốc thời gian nêu trên, đại diện
Sở Xây dựng TP.HCM
cho biết đây thực chất là
giai đoạn để người dân chuẩn bị hồ sơ
, đồng thời theo dõi và giám sát thông tin theo quy định trước khi việc tiếp nhận hồ sơ chính thức được triển khai.
Cơ quan này cũng cho biết đã tiếp nhận phản ánh từ báo chí và người dân về việc
chưa thể nộp hồ sơ đăng ký mua hoặc thuê nhà ở xã hội tạ"
T112,2026-01-04T08:40:00,Bất động sản năm 2026 còn tăng nóng?,"Năm 2025 thị trường bất động sản đã có những bước tăng trưởng ấn tượng, sang năm 2026, thị trường liệu còn có thể giữ được nhịp sóng tăng này?","TIN MỚI
Nhận định về thị trường bất động sản năm 2026, TS Lê Xuân Nghĩa cho rằng năm 2026 sẽ không xuất hiện “sóng lớn” trên thị trường địa ốc, nhưng là năm củng cố niềm tin, tạo tiền đề cho chu kỳ tăng trưởng dài hạn hơn trong các năm tiếp theo.
Dù triển vọng phục hồi được đánh giá tích cực, kinh tế và bất động sản năm 2026 vẫn đối mặt với không ít thách thức. Áp lực lạm phát quay trở lại nếu giá năng lượng và nguyên vật liệu tăng, tiến độ giải ngân đầu tư công không đồng đều giữa các địa phương, cùng với khả năng hấp thụ vốn của doanh nghiệp còn hạn chế là những yếu tố có thể ảnh hưởng tới đà tăng trưởng.
Đối với thị trường bất động sản, tâm lý chờ đợi của     người mua    vẫn hiện hữu, nhất là trong bối cảnh thu nhập chưa tăng mạnh. Tuy nhiên, xét trên tổng thể, năm 2026 được kỳ vọng là năm bản lề, đánh dấu sự chuyển dịch từ giai đoạn “cầm cự” sang phục hồi có chọn lọc, đặt nền móng c"
T113,2025-12-02T13:26:00,"Giá đất bị đội lên gấp 6 lần vì một công thức, doanh nghiệp buộc phải đẩy giá căn hộ để không lỗ vốn","Chủ tịch HoREA  nêu rõ bất cập lớn trong cách tính tiền sử dụng đất và tiền thuê đất mà một số địa phương đang áp dụng, khi lấy giá đất trong bảng giá nhân với hệ số điều chỉnh (K1).","TIN MỚI
Hiệp hội Bất động sản TP.HCM (HoREA) vừa gửi văn bản góp ý đến Quốc hội về dự thảo Nghị quyết quy định một số cơ chế, chính sách tháo gỡ khó khăn trong thi hành Luật Đất đai.
Trong văn bản, Chủ tịch HoREA Lê Hoàng Châu nêu rõ bất cập lớn trong cách tính tiền sử dụng đất và tiền thuê đất mà một số địa phương đang áp dụng, khi lấy giá đất trong bảng giá nhân với hệ số điều chỉnh (K1).
Theo ông Châu, công thức này khiến nghĩa vụ tài chính của doanh nghiệp bị đội lên rất cao so với phương pháp thặng dư – phương pháp căn cứ trên doanh thu dự án trừ chi phí xây dựng, quản lý, lãi vay và lợi nhuận.
HoREA dẫn các ví dụ thực tế để chứng minh mức chênh lệch ""vài lần"" giữa hai phương pháp. Tại khu đất rộng 1 ha trên đường Nguyễn Xiển (TP.Thủ Đức), bảng giá đất hiện là 56,6 triệu đồng/m2, hệ số điều chỉnh khoảng 1,4, đưa giá đất tính toán lên tới 80 triệu đồng/m2.
Tuy nhiên, nếu áp dụng phươ"
T114,2025-11-10T06:44:00,"400.000 tỷ đồng hàng tồn kho của Vinhomes, Novaland, Kinh Bắc, Phát Đạt...úp mở chiến lược ""ôm hàng chờ thời""","Đằng sau sự gia tăng hàng tồn kho úp mở chiến lược ""ôm hàng chờ thời"" của các ông lớn bất động sản.","TIN MỚI
Thị trường bất động sản ghi nhận những tín hiệu phục hồi tích cực trong 9 tháng đầu năm 2025. Theo Bộ Xây dựng, tổng số giao dịch toàn quốc đạt hơn 430.000, tăng nhẹ 1% so với cùng kỳ năm 2024. Tỷ lệ hấp thụ nguồn cung mới đạt tới 68%, gấp đôi so với năm ngoái và là mức cao nhất trong ba năm trở lại đây.
Tuy nhiên, đằng sau gam màu tươi sáng ấy là một nghịch lý đáng chú ý khi lượng hàng tồn kho của doanh nghiệp vẫn tăng mạnh, đặc biệt trong quý III/2025. Theo thống kê từ báo cáo tài chính của 10 doanh nghiệp trên sàn, giá trị hàng tồn kho đã vượt 395.000 tỷ đồng, tăng hơn 32% so với đầu năm. Đáng nói, đằng sau sự gia tăng này úp mở chiến lược ""ôm hàng chờ thời"" của các ông lớn, song cũng báo hiệu những rủi ro tài chính tiềm ẩn nếu cơn khát thanh khoản không được giải tỏa kịp thời.
Dẫn đầu bảng xếp hạng tồn kho là
Novaland (NVL)
với mức kỷ lục hơn 152.000 tỷ đồng vào ngày 30/9/202"
T115,2026-01-15T06:57:00,"Giá chung cư mới Hà Nội diễn biến ""lạ""","Theo số liệu của CBRE Việt Nam, giá căn hộ sơ cấp trung bình toàn thị trường trong quý 4/2025 đạt mức hơn 78 triệu đồng/m2 thấp hơn 14% so với quý 3. Diễn biến trên được thúc đẩy bởi lượng lớn nguồn cung ở vùng ven có mức giá từ 50–60 triệu đồng/m2.","TIN MỚI
CBRE Việt Nam vừa công bố tiêu điểm thị trường bất động sản Hà Nội trong quý 4/2025. Với phân khúc căn hộ chung cư, Hà Nội đã ghi nhận 14.905 căn hộ chung cư mới mở bán, nâng tổng nguồn cung mới trong cả năm lên gần 36.000 căn. Đây là lượng mở bán theo năm cao thứ hai từng được ghi nhận tại thị trường chung cư Hà Nội, chỉ thấp hơn năm 2019.
Đáng chú ý,
năm nay cũng đánh dấu lượng mở bán kỷ lục của phân khúc giá trên 120 triệu đồng/m2 với gần 4.000 căn (giá bán chưa bao gồm VAT, phí bảo trì và trước chiết khấu), chiếm 11% số căn mở bán trong năm.
Một xu hướng nổi bật khác quan sát thấy trong quý cuối năm 2025 là nguồn cung từ các đại đô thị tại Văn Giang (Hưng Yên, giáp ranh Hà Nội) chiếm tỷ trọng đáng kể. Các đợt mở bán mới tại khu vực này chiếm hơn 60% tổng nguồn cung toàn thị trường trong quý 4, và gần 40% tổng nguồn cung mở bán tại khu vực Hà Nội trong năm 2025.
Hà Nội đã ghi "
T116,2026-07-22T13:43:00,Bộ Xây dựng đang làm 3 việc quan trọng để điều tiết giá nhà,"Tư duy phát triển nhà ở đang được điều chỉnh theo hướng đa dạng hóa nguồn cung, không chỉ tập trung vào nhà ở thương mại mà mở rộng sang nhà ở xã hội và nhà ở cho thuê, trong đó nhà ở cho thuê được xem là phân khúc chiến lược trong dài hạn.","TIN MỚI
Ngày 22/7, Báo Thanh tra tổ chức hội thảo “Khơi thông nguồn vốn cho thị trường bất động sản bền vững”. Sự kiện có sự tham dự của đại diện Thanh tra Chính phủ, Ngân hàng Nhà nước Việt Nam, Bộ Xây dựng, các tổ chức tín dụng, doanh nghiệp bất động sản cùng nhiều chuyên gia trong lĩnh vực kinh tế, tài chính, chứng khoán.
Sẽ ưu tiên phát triển nhà ở cho thuê với giá hợp lý
Tại hội thảo, ông Hà Quang Hưng, Phó Cục trưởng Cục Quản lý nhà và thị trường bất động sản (Bộ Xây dựng), cho biết thời gian tới, bên cạnh nhà ở thương mại và nhà ở xã hội, Bộ Xây dựng sẽ chú trọng phát triển nhà ở cho thuê với mức giá phù hợp.
Theo ông Hưng, thời gian qua, Nhà nước đã triển khai nhiều chính sách hỗ trợ phát triển nhà ở xã hội, nhà công nhân như miễn tiền sử dụng đất, ưu đãi thuế VAT, thuế thu nhập doanh nghiệp, hỗ trợ hạ tầng và tín dụng ưu đãi.
Nhờ các chính sách này, năm 2025 cả nước đã hoàn thàn"
T117,2026-01-08T09:57:00,HoREA tiếp tục kiến nghị làm rõ hệ số K để tránh đội giá nhà,"Góp ý dự thảo nghị định hướng dẫn Nghị quyết 254, Hiệp hội bất động sản TP HCM (HoREA) kiến nghị làm rõ hệ số hệ số điều chỉnh giá đất (hệ số K) để tránh đội giá nhà.","TIN MỚI
HoREA vừa có văn bản góp ý Điều 8 của dự thảo nghị định quy định chi tiết và hướng dẫn thi hành Nghị quyết số 254/2025 của Quốc hội về tháo gỡ khó khăn, vướng mắc trong tổ chức thực hiện Luật Đất đai. Trước đó, vào đầu tháng 12/2025, hiệp hội này cũng đã ﻿có văn bản gửi Quốc hội góp ý liên quan đến việc sửa đổi sửa cơ chế hệ số tính tiền sử dụng đất.
Tại văn bản vừa công bố, HoREA tiếp tục nhấn mạnh đây là nội dung có ý nghĩa then chốt, tác động trực tiếp đến việc xác định tiền sử dụng đất, tiền thuê đất và mặt bằng giá bất động sản trong thời gian tới.
Cụ thể, góp ý dự thảo, HoREA cho rằng quy định tại Điều 8 về căn cứ xây dựng và điều chỉnh hệ số điều chỉnh giá đất vẫn cần được quy định chi tiết và sát thực tế hơn để các địa phương có thể tổ chức thực thi hiệu quả Nghị quyết 254.
Theo HoREA, Điều 8 của dự thảo cần làm rõ bản chất có hai loại hệ số điều chỉnh giá đất.
Thứ nhất
l"
T118,2026-05-11T10:00:00,Thị trường Hà Nội: Căn hộ diện tích lớn tái định nghĩa chuẩn sống sang mới,"Mặt bằng giá bất động sản liên tục đi lên khiến khái niệm “sống sang” nhiều khi bị giới hạn bởi diện tích. Tuy nhiên, tại Hà Nội, cách hiểu này đang dần thay đổi bởi khách hàng đang quay lại tìm kiếm những không gian sống rộng rãi, môi trường gần thiên nhiên và trải nghiệm tiện ích hàng ngày.","TIN MỚI
Xu hướng tìm kiếm căn hộ diện tích lớn và việc thay đổi định nghĩa ""sống sang""
Trong những năm qua, thị trường bất động sản Hà Nội chứng kiến một cuộc bùng nổ về giá. Báo cáo thị trường BĐS Việt Nam Quý 1/2025 của Savills Việt Nam cho thấy tại thị trường Hà Nội, giá bán trung bình căn hộ sơ cấp đã đạt ngưỡng 128 triệu/m2, tăng trung bình 22% theo năm trong vòng 5 năm qua. Tuy nhiên, có 1 nghịch lý đang tồn tại, đó là xu hướng áp đảo của các căn hộ nhỏ. Để tối ưu hóa lợi nhuận và phù hợp với túi tiền số đông, hơn 67% nguồn cung mới trong năm 2025 tập trung vào phân khúc hạng B với các loại hình Studio, 1PN và 2PN diện tích từ 45 - 75m².
Những căn hộ 3-4 phòng ngủ (trên 120m²) trở thành ""hàng hiếm"". Ngay cả ở phân khúc cao cấp, diện tích cho căn 3 phòng ngủ thường bị giới hạn chỉ còn 75 - 85m². Điều này vô hình trung tạo ra một tiêu chuẩn sống ""nén"", nơi sự sang trọng chỉ dừng lại "
T119,2026-07-21T21:42:00,"'Sập bẫy' mua đất giá rẻ, 3 người ở Đà Nẵng bị chiếm đoạt 7,7 tỷ đồng","Tin tưởng trước thông tin mua đất tái định cư giá rẻ mà Nguyễn Thị Lệ Hoa đưa ra, 3 người ở Đà Nẵng bị lừa đảo, chiếm đoạt 7,7 tỷ đồng.","TIN MỚI
Ngày 21/7, Văn phòng Cơ quan Cảnh sát điều tra Công an TP Đà Nẵng cho biết vừa tống đạt quyết định khởi tố vụ án, khởi tố bị can và thực hiện lệnh bắt bị can để tạm giam đối với Nguyễn Thị Lệ Hoa (SN 1968, trú phường Ngũ Hành Sơn, TP Đà Nẵng) để điều tra về hành vi “     Lừa đảo    chiếm đoạt tài sản”.
Cơ quan Cảnh sát điều tra tống đạt các quyết định đối với Nguyễn Thị Lệ Hoa. (Ảnh: C.A)
Quá trình điều tra bước đầu xác định Nguyễn Thị Lệ Hoa đã sử dụng thủ đoạn đưa ra thông tin gian dối về việc có quan hệ với những người làm công tác giải tỏa, đền bù và có khả năng mua các lô đất giải tỏa, tái định cư với giá thấp nhằm tạo lòng tin để chiếm đoạt tài sản của người khác.
Theo tài liệu điều tra, từ đầu năm 2025, thông qua mối quan hệ quen biết với bà L.T.M.D., ông T.D.H. và anh L.T.Đ. (cùng trú TP Đà Nẵng), Hoa nhiều lần giới thiệu có nguồn đất giải tỏa, tái định cư giá rẻ trên địa"
T120,2026-03-07T11:25:00,Giá căn hộ ở TPHCM bắt đầu xuất hiện dấu hiệu giảm,(NLĐO)- Các dự án căn hộ ở khu vực trung tâm TPHCM dù rao bán giá cao nhưng để bán được người mua phải hạ  thì khách mới chốt mua.,"TIN MỚI
Những tháng gần đây, thị trường căn hộ tại TPHCM bắt đầu xuất hiện dấu hiệu hạ nhiệt khi một số chủ nhà phải giảm giá để tìm người mua. Khảo sát của phóng viên cho thấy trên nhiều nhóm mua bán bất động sản, không ít căn hộ được điều chỉnh giảm giá, thậm chí có trường hợp khách đã đặt chỗ nhưng sau đó hủy giao dịch. Chỉ một số dự án mới bàn giao hoặc sắp có sổ hồng vẫn giữ được mức giá ổn định, thậm chí tăng nhẹ.
Tại dự án căn hộ The Sun Avenue (phường Bình Trưng, TPHCM), giá bán hiện giảm khoảng 1%-2% so với thời điểm đầu năm 2026. Một căn hộ 2 phòng ngủ diện tích khoảng 72m² đang được rao bán hơn 7 tỉ đồng, tương đương gần 100 triệu đồng/m². So với cùng kỳ năm 2025, mức giá này vẫn tăng hơn 40%, nhưng đã giảm nhẹ so với tháng 1 năm nay.
Anh Tâm, một môi giới tại phường Thạnh Mỹ Tây, cho biết một căn hộ 3 phòng ngủ diện tích 118m² trong khu đô thị cao cấp trên địa bàn phường, ban"
T121,2025-12-10T13:37:00,Quá nhanh: Siêu dự án casino 51.000 tỷ đồng của Sun Group ở Vân Đồn chính thức khởi công chỉ sau 9 ngày nữa,"Theo thông tin từ Bộ Xây dựng, dự án Khu dịch vụ du lịch phúc hợp cao cấp tại Khu kinh tế Vân Đồn do Tập đoàn Sun Group làm chủ đầu tư sẽ khởi công vào ngày 19/12 tới đây.","TIN MỚI
Theo đó, khu dịch vụ du lịch phức hợp cao cấp nằm tại khu kinh tế Vân Đồn, tỉnh Quảng Ninh với một mặt giáp biển.
Tổng diện tích lập quy hoạch dự án gần 245 ha. Trong đó, diện tích thực hiện hơn 182 ha và còn lại là rừng tự nhiên hiện trạng.
Trong cơ cấu sử dụng đất, dự án dành hơn 26 ha cho khu casino với công trình cao 25 tầng nổi và ba tầng hầm, dự kiến bố trí khoảng 214 bàn chơi casino và 2.140 máy chơi. Công trình khách sạn, nghỉ dưỡng có hai lô rộng khoảng 12 ha, được xây cao tối đa 30 tầng nổi và 3 tầng hầm. Khu resort sẽ có 7 lô đất, được xây cao 5 tầng nổi và 2 tầng hầm.
Về tính chất, đây sẽ là tổ hợp công trình kinh doanh hoạt động casino; kinh doanh bất động sản, dịch vụ du lịch, khách sạn, biệt thự nghỉ dưỡng, resort; tổ hợp trung tâm thương mại, văn phòng, hội nghị, hội thảo; các cơ sở thể dục, thể thao, vui chơi giải trí và chăm sóc sức khỏe. Quy mô khách du lịch dự"
T122,2026-08-02T18:09:00,"Xuất hiện nhà ở xã hội giá từ 1,1 tỷ đồng/căn tại Hà Nội","Dự án nhà ở xã hội CT2 thuộc khu nhà ở X2 tại phường Lĩnh Nam dự kiến có giá bán tạm tính khoảng 28,4 triệu đồng/m2, tương đương 1,1-1,5 tỷ đồng mỗi căn.","TIN MỚI
Ảnh minh họa
Theo đó, Sở Xây dựng Hà Nội vừa công bố giá bán dự kiến của dự án nhà ở xã hội CT2 thuộc khu nhà ở X2 tại phường Lĩnh Nam. Theo đó, giá bán tạm tính khoảng 28,4 triệu đồng/m2, tương đương 1,1-1,5 tỷ đồng mỗi căn.
Dự án do Handico làm chủ đầu tư, nằm gần đường Vành đai 3 và đê Nguyễn Khoái. Công trình được xây dựng trên khu đất rộng hơn 1,5ha, riêng tòa CT2 có diện tích gần 1.935m2, gồm 17 tầng nổi, 2 tầng hầm với tổng mức đầu tư hơn 293 tỷ đồng.
Sau khi hoàn thành, dự án sẽ cung cấp 150 căn hộ, trong đó có 83 căn nhà ở xã hội để bán với mức giá dự kiến 28,4 triệu đồng/m2 (đã bao gồm VAT và kinh phí bảo trì), tương đương khoảng 1,1-1,5 tỷ đồng/căn.
Ngoài ra, dự án còn bố trí 31 căn hộ cho thuê với giá dự kiến khoảng 110.000 đồng/m2/tháng, 12 căn theo hình thức thuê mua và 24 căn hộ thương mại.
Theo kế hoạch, chủ đầu tư sẽ tiếp nhận hồ sơ đăng ký mua nhà trong quý III/"
T123,2025-10-28T15:21:00,Bộ Công an mời đầu tư 2 dự án nhà ở xã hội gần 6.600 tỷ đồng tại Hà Nội và TPHCM,"Hai dự án nhà ở xã hội tại Hà Nội và TPHCM do Bộ Công an mời đầu tư có tổng vốn đầu tư gần 6.600 tỷ đồng, quy mô 2.357 căn nhà ở xã hội.","TIN MỚI
Cục Quản lý xây dựng và doanh trại (Bộ Công an) vừa có thông báo mời đầu tư dự án nhà ở xã hội cho lực lượng vũ trang công an nhân dân tại số 7/39 ấp Cây Dầu, phường Tăng Nhơn Phú (trước đây là phường Tân Phú, TP Thủ Đức), TP HCM.
Dự án có quy mô hơn 6.300m2, trong đó diện tích sàn gồm hai hầm khoảng 61.000m2. Khu nhà cao 22 tầng, cung cấp 477 căn hộ, đáp ứng nhu cầu nhà ở cho gần 1.000 người. Tổng vốn đầu tư khoảng 1.075 tỷ đồng.
Tiến độ triển khai dự án trong gần hai năm từ quý IV năm nay, dự kiến đưa vào khai thác từ quý II/2027.
Bên cạnh đó, Cục Quản lý xây dựng và doanh trại cũng vừa có thông báo mời đầu tư dự án xây dựng nhà ở cho lực lượng vũ trang công an nhân dân tại xã Bình Minh, TP Hà Nội.
Dự án có tổng diện tích hơn 11,4ha, chia làm 2 giai đoạn với 1.880 căn nhà ở xã hội và 76 căn nhà ở thương mại. Sơ bộ tổng vốn đầu tư của dự án là gần 5.500 tỷ đồng.
Dự án có thời hạ"
T124,2026-03-10T08:00:00,"Nhà đầu tư chuyển từ ""lướt sóng ngắn hạn"" sang ""tích sản bền vững""","Thị trường bất động sản đang bước vào chu kỳ sàng lọc khắt khe, nơi lợi thế không còn thuộc về người “đi nhanh” mà nghiêng về những nhà đầu tư biết chọn đúng tài sản và đủ kiên nhẫn để nắm giữ.","TIN MỚI
Trong bối cảnh ấy, câu hỏi đặt ra không còn là mua gì để thắng nhanh mà đâu là tài sản xứng đáng hiện diện lâu dài trong danh mục của nhà đầu tư có tầm nhìn?
Khi dòng vốn thôi ""đánh cược"" vào chu kỳ sóng ngắn
Bước vào giai đoạn 2026 - 2030, thị trường bất động sản đang chứng kiến sự chuyển dịch mang tính bước ngoặt. Thị trường không còn lặp lại những nhịp tăng trưởng nóng đồng loạt mà bắt đầu chuyển sang giai đoạn phát triển bền vững, có chọn lọc và phân lớp rõ rệt.
Theo các chuyên gia, trong thị trường ngày càng minh bạch, tư duy đầu cơ, ""đánh sóng"" sẽ dần bị loại khỏi cuộc chơi. ""Sân chơi"" trong chu kỳ mới chỉ dành cho những nhà đầu tư hiểu giá trị thật của bất động sản, biết nắm giữ lâu dài và tối ưu hiệu quả khai thác dòng tiền.
Trong câu chuyện đường dài, bài toán của nhà đầu tư không còn là ‘mua gì để thắng nhanh’, mà là tái cơ cấu danh mục theo hướng bền vững: thanh lý dứt"
T125,2026-06-28T09:22:00,"Người mua bất động sản đổi ""khẩu vị"": Không còn tin lời hứa, xuống tiền dựa trên năng lực thực của chủ đầu tư","Thị trường bất động sản đang bước sang một chu kỳ phát triển mới, nơi yếu tố quyết định không còn là kỳ vọng tăng giá mà là giá trị thực của dự án và năng lực của chủ đầu tư.","TIN MỚI
Tại hội thảo “Bất động sản 6 tháng cuối 2026: Thị trường bước vào giai đoạn phục hồi có chọn lọc” diễn ra sáng 26/6
Người mua không còn xuống tiền vì ""giấc mơ tương lai""
Tại hội thảo “Bất động sản 6 tháng cuối 2026: Thị trường bước vào giai đoạn phục hồi có chọn lọc” diễn ra sáng 26/6 do Kênh thông tin tài chính kinh tế CafeF (trực thuộc Công ty Cổ phần VCCORP) tổ chức, bà Đỗ Thị Hương - Giám đốc Bộ phận Kinh doanh Nhà ở Savills Việt Nam cho rằng, người mua nhà hiện nay đã thông minh hơn, thận trọng hơn và chủ động hơn rất nhiều trong việc tiếp cận thông tin trước khi đưa ra quyết định đầu tư.
Theo bà, sự thay đổi này không chỉ xuất phát từ việc thông tin trên thị trường ngày càng minh bạch hơn mà còn đến từ chính những trải nghiệm của người mua sau một chu kỳ phát triển nhiều biến động của bất động sản. Đồng thời, việc quan sát các thị trường phát triển trong khu vực cũng góp ph"
T126,2026-06-22T08:34:00,"Chờ gỡ vướng ""khoảng lùi"" cất nhà","Quy định ""khoảng lùi"" hiện hành gây nhiều khó khăn. TP HCM đang gấp rút sửa đổi để người dân thuận lợi xây nhà","TIN MỚI
Sở Quy hoạch - Kiến trúc TP HCM đang hoàn thiện hồ sơ trình UBND TP HCM ban hành Quy chế quản lý kiến trúc đô thị, thay thế Quyết định 56/2021/QĐ-UBND.
Nới lỏng quy định
Sở Quy hoạch - Kiến trúc đang lấy ý kiến góp ý dự thảo Quy chế quản lý kiến trúc đô thị TP HCM. Đây là công việc quan trọng nhằm giải quyết nhu cầu xây dựng của người dân theo chỉ đạo của UBND TP HCM.
Nội dung trọng tâm dự thảo gồm: định hướng phát triển kiến trúc đô thị; quản lý không gian cảnh quan khu vực đặc thù; định hướng TOD và không gian ngầm; hệ số sử dụng đất ưu đãi; phân vùng kiến trúc, cảnh quan; quản lý kiến trúc công trình, nhà ở; bảo tồn công trình kiến trúc có giá trị; thi tuyển kiến trúc công trình quan trọng. Đặc biệt, quản lý kiến trúc nhà ở nhận được sự quan tâm lớn. Dự thảo bổ sung nhiều chỉ tiêu kỹ thuật như: số tầng, tầng lửng, tầng hầm, khoảng lùi, mật độ xây dựng, hệ số sử dụng đất.
Quyết"
T127,2026-08-13T10:46:00,"Tin mới về diễn biến thị trường biệt thự, liền kề Hà Nội","Sau giai đoạn liên tục tăng giá, phân khúc biệt thự và liền kề hiện neo rất cao, vượt xa khả năng chi trả của phần lớn người mua.","TIN MỚI
Khảo sát tại các trang rao bán nhà đất vào thời điểm đầu tháng 8/2026 cho thấy mặt bằng giá của phân phúc biệt thự, liền kề trên thị trường thứ cấp tại nhiều dự án đã giảm đáng kể so với các mốc đỉnh được thiết lập trong năm 2025.
Tại ven đô Hà Nội, các dãy biệt thự, liền kề vẫn đang mọc lên dù thanh khoản lao dốc. Ảnh: QT
Tại Khu đô thị Lideco (huyện Hoài Đức cũ) làm chủ đầu tư, biệt thự đang được chào bán phổ biến ở mức 100 - 200 triệu đồng/m², thấp hơn khoảng 13,7% so với đỉnh giá tháng 8/2025. Khu đô thị Geleximco Lê Trọng Tấn, giá chào bán dao động từ 155 - 255 triệu đồng/m², giảm 13,6% so với tháng 6/2025 và thấp hơn 14,7% so với mức đỉnh ghi nhận vào tháng 10/2025.
Ở Khu đô thị Vườn Cam (xã Hoài Đức), giá biệt thự hiện phổ biến trong khoảng 115 - 200 triệu đồng/m², giảm khoảng 13,7% so với mức cao nhất hồi tháng 9/2025.
Trong khi đó, tại Anlac Green Symphony (xã Sơn Đồng),"
T128,2026-09-07T17:59:00,"Bắc Ninh tung hơn 16.700 căn nhà ở xã hội, giá từ 7 triệu đồng/m²","Trong tháng 8, hơn 16.700 căn nhà ở xã hội thuộc 27 dự án tại Bắc Ninh được xác định đủ điều kiện bán. Đáng chú ý, một dự án có giá dự kiến chỉ hơn 7,6 triệu đồng/m².","TIN MỚI
Theo Sở Xây dựng tỉnh Bắc Ninh, trong tháng 8, địa phương có hơn 16.700 căn nhà ở xã hội thuộc 27 dự án đủ điều kiện để bán.
Trong số này, dự án có số lượng căn hộ lớn nhất là dự án đầu tư xây dựng nhà ở xã hội dành cho công nhân tại Khu đô thị mới thị trấn Nếnh, nay thuộc phường Nếnh, tỉnh Bắc Ninh, với hơn 2.500 căn. Tại dự án này, giá bán phân khu CT1 là 13,4 triệu đồng/m², trong khi giá bán phân khu CT2 là 14,5 triệu đồng/m².
Đáng chú ý, Khu nhà ở xã hội Cát Tường ECO trên đường Lê Thái Tổ (phường Võ Cường, thành phố Bắc Ninh cũ) có hơn 1.000 căn đủ điều kiện bán. Giá bán dự kiến chỉ hơn 7,6 triệu đồng/m², thuộc nhóm có mức giá thấp nhất trong các dự án được công bố.
Dự án nhà ở xã hội dành cho công nhân và người thu nhập thấp ở phường Nếnh, tỉnh Bắc Ninh.
Ở chiều ngược lại, một trong những dự án có giá bán cao nhất là Dự án đầu tư xây dựng, kinh doanh Khu đô thị và Dịch vụ V"
T129,2026-06-01T08:00:00,Từ hạ tầng Metro đến “làn sóng” thay đổi mặt bằng giá khu Đông,"Metro số 1 và mô hình TOD bước vào vận hành, khu Đông TP.HCM cũng bắt đầu hình thành quỹ đạo tăng trưởng mới. Khi mặt bằng giá được tái thiết lập theo hạ tầng, các khu vực quanh Metro và Vành đai 3 cũng trở thành tâm điểm dịch chuyển của dòng vốn, dân cư và lõi phát triển mới của đô thị.","TIN MỚI
Từ ""đón đầu quy hoạch"" đến giai đoạn xác lập giá trị thực
Khi Metro số 1, cùng các trục hạ tầng liên vùng đồng loạt tăng tốc, các đô thị tại TP.HCM cũng bước sang một chu kỳ mới. Giá trị bất động sản không đơn thuần quyết định bởi vị trí trung tâm, mà bởi khả năng kết nối và hiệu quả khai thác thực tế.
Nếu trước đây dòng tiền chủ yếu chạy theo kỳ vọng quy hoạch, thì hiện nay lại ưu tiên những khu vực hạ tầng đã thành hình, có cộng đồng cư dân và khả năng khai thác rõ nét. Metro lúc này không chỉ mở rộng khả năng kết nối, mà còn đang thay đổi nhịp sống, tái phân bổ dân cư và từng bước thiết lập lại quỹ đạo phát triển của toàn khu vực.
Trong mô hình đô thị mới, lợi thế đang dần thuộc về những khu vực có khả năng tích hợp đồng bộ nơi ở - thương mại - dịch vụ và hạ tầng giao thông. Đây cũng là mô hình từng diễn ra tại nhiều đô thị lớn như Tokyo, Seoul hay Trùng Khánh, nơi các khu vực"
T130,2026-04-19T08:18:00,Chính quyền lên tiếng việc lấy phiếu khảo sát 'trả nhà lấy tiền' khu chung cư vạn dân,"Theo lãnh đạo phường Hoàng Liệt (Hà Nội), việc lấy ý kiến khảo sát cư dân khu chung cư HH Linh Đàm do Văn phòng Cơ quan Cảnh sát điều tra (PC01), Công an TP Hà Nội triển khai, phường có trách nhiệm phối hợp thực hiện.","TIN MỚI
Trao đổi với PV Tiền Phong, ông Tạ Việt Dũng, Phó Chủ tịch UBND phường Hoàng Liệt cho biết, việc lấy ý kiến khảo sát người dân khu chung cư HH Linh Đàm, VP3, VP5 thông qua “phiếu thu thập thông tin” là hoạt động do Văn phòng Cơ quan Cảnh sát điều tra (PC01), Công an TP Hà Nội triển khai, phường có trách nhiệm phối hợp thực hiện.
Cũng theo ông Dũng, tại phiếu khảo sát ngoài phương án “trả lại căn hộ để nhận lại tiền đã mua” hoặc “được đền bù bằng một căn hộ khác có giá trị tương đương tại dự án Thanh Hà” thì có phần ý kiến khác.
Khu chung cư HH Linh Đàm chỉ được phép xây dựng 27 tầng, tuy nhiên chủ đầu tư đã xây dựng tới 36 tầng với các tòa HH4 và 41 tầng đối với các tòa HH1, HH2, HH3 (vượt nhiều tầng so với quy hoạch được phê duyệt). Ảnh: Đình Phong.
Người dân đồng ý với phương án nào thì tích vào phương án đó. Trường hợp không đồng ý với 2 phương án này thì người dân có bất kỳ ý"
T131,2026-08-07T20:38:00,Tập đoàn Mường Thanh vừa công bố thay đổi lớn,"Tập đoàn Mường Thanh vừa tăng vốn điều lệ lên 6.000 tỷ đồng trong bối cảnh doanh nghiệp liên tiếp tái xuất tại các dự án đô thị, thương mại và dịch vụ quy mô lớn.","TIN MỚI
Công ty Cổ phần Tập đoàn Mường Thanh vừa công bố thay đổi nội dung đăng ký doanh nghiệp. Theo đó, Tập đoàn Mường Thanh đã tăng vốn điều lệ từ 4.500 tỷ đồng lên 6.000 tỷ đồng, tương ứng tăng 1.500 tỷ đồng. Toàn bộ phần vốn là vốn tư nhân.
Tập đoàn Mường Thanh do ông Lê Thanh Thản sáng lập, hoạt động chủ yếu trong lĩnh vực lưu trú và bất động sản. Từ khách sạn đầu tiên tại Điện Biên Phủ, doanh nghiệp hiện sở hữu hơn 60 khách sạn với trên 12.000 phòng, tạo việc làm cho hơn 10.000 lao động trên cả nước.
Hệ thống được phân thành 4 thương hiệu gồm Mường Thanh Luxury, Mường Thanh Grand, Mường Thanh Holiday và Mường Thanh.
Dù hoạt động đa ngành, Mường Thanh được nhớ đến nhiều trong lĩnh vực bất động sản, đặc biệt với các dự án nhà ở có mức giá vừa túi tiền. Tại Hà Nội, doanh nghiệp từng phát triển các dự án chung cư như Xa La, Đại Thanh, Kim Văn - Kim Lũ; đồng thời hiện diện tại nhiều đị"
T132,2025-10-18T08:00:00,"Chung cư Benhill: Tăng tốc tiến độ, sẵn sàng bàn giao cuối năm","Với nhiều gia đình trẻ, việc sở hữu căn nhà đầu tiên luôn là cột mốc vô cùng ý nghĩa, với chung cư Benhill hành trình ấy càng đến gần hơn khi dự án sẽ bàn giao nhà cho những khách hàng đầu tiên vào cuối năm nay.","TIN MỚI
Benhill thi công gấp rút đón Tết Bính Ngọ
Tọa lạc ngay trung tâm Đông Bắc TP.HCM, dự án Benhill do Công ty Cổ phần Đầu tư Benhouse Việt Nam làm chủ đầu tư hiện đang ghi dấu ấn mạnh mẽ với tiến độ thi công vượt trội. Theo khảo sát tại khu vực, Benhill đang là dự án hiếm hoi sẽ bàn giao trước thềm Tết Nguyên Đán sắp tới.
Tại công trường, các kỹ sư, công nhân vẫn miệt mài làm việc ""ba ca, bốn kíp"", đưa dự án về đích với hơn 95% khối lượng hoàn tất. Khối kiến trúc bên ngoài đã được sơn lót đồng bộ, sảnh đón tiếp và khu vực thang máy hoàn thiện sang trọng. Các hạng mục cửa chống cháy, cửa gỗ phòng ngủ, lan can an toàn, trần thạch cao và hệ thống điện, nước đã cơ bản xong, trong khi các hạng mục bàn giao trong căn hộ như hệ thống đèn, sàn gỗ, thiết bị vệ sinh đang được triển khai khẩn trương.
Song song đó, các tiện ích nội khu như hồ bơi rộng 300m², cảnh quan khối đế tầng 1 và tầng"
T133,2026-08-09T08:28:00,Có gì trong căn hộ duplex hàng hiệu tại dự án Branded Residences tiên phong của KĐT Ciputra?,"Ở hầu hết các dự án Branded Residences trên thế giới, những căn duplex thông tầng luôn nằm trong nhóm sản phẩm đắt giá nhất nhờ đưa trọn trải nghiệm của dinh thự mặt đất lên giữa tầng không với cấu trúc 2 tầng độc lập, tầm nhìn panorama khoáng đạt và không gian ngoài trời riêng tư tuyệt đối.","TIN MỚI
Tại Việt Nam, Noble Crystal Tay Ho WorldHotels Residences của Sunshine Group hiện thực hóa triết lý này khi dành gần 90% quỹ căn (trên tổng số gần 1.000 sản phẩm) cho mô hình duplex hàng hiệu ngay tại tâm điểm Ciputra. Điểm nhấn của dự án là bộ sưu tập Sky Maison Garden diện tích thông thủy 247m2 tích hợp sân vườn và hồ bơi riêng 60,5m², mang lại trải nghiệm chuẩn 5 sao tương đương các dự án Branded Residences đắt giá trên thị trường quốc tế.
Tầng 1: Dòng chảy kiến trúc kết nối không gian, ôm trọn cảnh quan Tây Hồ và sông Hồng
Hành trình khám phá căn hộ thông tầng Sky Maison Garden khởi đầu từ một nhịp lắng tĩnh lặng tại khu vực tiền sảnh rộng 5,7m² - ""vùng chuyển tiếp"" khéo léo tách biệt thế giới sôi động bên ngoài hành lang với chốn riêng tư của gia chủ.
Từ tiền sảnh, bước chân được dẫn dắt theo dòng chảy kiến trúc (Flow Architecture) hướng về trung tâm của tầng 1 rộng gần 170m"
T134,2026-05-11T09:35:00,Hà Nội thông tin về tiến độ 2 dự án khu đô thị đa mục tiêu,"UBND TP. Hà Nội đã thông tin về tiến độ 2 dự án Khu đô thị đa mục tiêu đã được khởi công, là Khu đô thị đa mục tiêu Bắc Thăng Long Urban City và Khu đô thị đa mục tiêu tại xã Thư Lâm, xã Đông Anh (Hà Nội).","TIN MỚI
UBND TP. Hà Nội vừa có báo cáo gửi     HĐND thành phố    về việc triển khai thực hiện các dự án lớn, quan trọng theo Nghị quyết số 258/2025/QH của Quốc hội trên địa bàn Hà Nội. Trong đó, UBND thành phố thông tin về tiến độ 2 dự án     Khu đô thị đa mục tiêu    đã được khởi công.
Theo đó, Dự án Khu đô thị đa mục tiêu Bắc Thăng Long     Urban City    được triển khai trên địa bàn các xã: Thiên Lộc, xã Phúc Thịnh, xã Mê Linh (Hà Nội) với diện tích khoảng 699ha. Dự án do liên danh gồm 10 nhà đầu tư làm chủ đầu tư với kinh phí khoảng 100.000 tỷ đồng, được triển khai trong giai đoạn 2026- 2032.
Mục tiêu của dự án nhằm xây dựng khu nhà ở tái thiết đô thị, nhà ở di dân, nhà ở xã hội, nhà ở công vụ và quỹ nhà ở tạm cư chất lượng cao, tiêu chuẩn tương đương nhà ở thương mại với giá bán hợp lý; kết hợp công trình công cộng như trường học, trung tâm văn hóa- thể thao, trung tâm y tế, chợ.
Dự "
T135,2026-05-25T11:32:00,"Thị trường nhà đất thổ cư rơi vào thế giằng co: Người bán chờ thời, người mua e dè","Thị trường đất thổ cư Hà Nội đang chứng kiến một thế giằng co cân não khi phần lớn chủ nhà vẫn chọn tâm lý ""giữ hàng"" thay vì giảm giá cắt lỗ, trong khi dòng tiền của người mua lại ngày càng trở nên thận trọng.","TIN MỚI
Ảnh minh hoạ: MarketTimes
Sau giai đoạn tăng nóng 2024-2025, thị trường đất thổ cư nội đô và vùng ven Hà Nội hạ nhiệt, thanh khoản giảm sút. Tuy nhiên, khảo sát trên nền tảng batdongsan.com.vn, giá nhà đất ở loại hình này vẫn tăng, nhưng biên độ hẹp hơn.
Đơn cử khảo sát ở nền tảng bán nhà này, thông tin được rao bán một căn nhà 105m2, ngõ 193 phố Trung Kính, phân lô 2 ô tô tránh, nhà 2 mặt thoáng giá 31 tỷ đồng. Căn nhà 44,7m2 5 tầng tại đường Yên Hòa, phường Yên Hòa được rao 8,2 tỷ đồng.  Mức giá ở khu vực này đã tăng 23,8% trong vòng 1 năm qua.
Tại đường Cầu Ngà, xã An Khánh (huyện Hoài Đức cũ), căn nhà 40m2 2 tầng được rao với giá 5 tỷ đồng. Hay căn nhà tại đường La Tinh 1, xã An Khánh có diện tích 48m2 được chào bán 7,1 tỷ đồng. Theo khảo sát trên batdongsan.com.vn, mức giá đã tăng 16,4% trong vòng 1 năm qua.
Tại Phụng Châu, phường Chương Mỹ, căn nhà 32m2x4T, được rao với giá"
T136,2026-04-01T08:00:00,"Khi thị trường không còn mua ""câu chuyện"", mà trả tiền cho giá trị đã hiện hữu","Sau giai đoạn thị trường bước vào chu kỳ sàng lọc mạnh, hành vi mua bất động sản đã đổi chiều rõ rệt. Người mua không còn dễ xuống tiền cho những lời hứa trong tương lai, mà nghiêng về các tài sản có thể kiểm chứng ngay: pháp lý rõ ràng, sản phẩm hiện hữu, có thể nhận nhà và khai thác được.","TIN MỚI
Trong bối cảnh đó, những dự án đã bàn giao, có sổ hồng và có thể vận hành sớm đang trở thành nhóm sản phẩm được ưu tiên trên thị trường
Dòng tiền đang dịch chuyển về các tài sản có thể kiểm chứng và khai thác ngay
Sau một giai đoạn biến động, hành vi của người mua bất động sản đã thay đổi rõ rệt. Nếu trước đây, quyết định xuống tiền thường gắn với kỳ vọng tăng giá, thì hiện nay, tiêu chí lựa chọn lại xoay quanh một câu hỏi thực tế hơn: tài sản này có ""chắc"" hay không.
Theo CBRE, trong năm 2025, hơn 60% lượng giao dịch căn hộ tại các đô thị lớn đến từ các dự án đã hoàn thiện hoặc gần hoàn thiện. Đồng thời, dữ liệu từ Batdongsan.com.vn cho thấy mức độ quan tâm đối với nhóm sản phẩm ""có thể nhận nhà ngay"" tăng trên 30% so với giai đoạn trước.
Những con số này phản ánh một sự dịch chuyển mang tính bản chất: người mua không còn đặt trọng tâm vào ""biên độ tăng giá"", mà chuyển sang đánh"
T137,2026-03-06T13:30:00,Cơ hội an cư với các dự án hỗ trợ tài chính cho người mua nhà,Mặc dù lãi suất tăng lên nhưng cơ hội sở hữu nhà vẫn dễ dàng bởi các chủ đầu tư uy tín đều có chính sách giúp khách hàng giảm áp lực tài chính tạo nên “vùng đệm” an toàn.,"TIN MỚI
Lãi suất tăng – ""phanh"" thị trường hay phép thử bản lĩnh người mua?
Lãi suất vay mua nhà điều chỉnh tăng đã tạo áp lực rõ rệt lên thị trường bất động sản. Giai đoạn này, người mua nhà cần thay đổi tư duy, từ lướt sóng ngắn hạn sang lựa chọn tài sản có giá trị thực, tạo dòng tiền ổn định, đồng thời chú trọng quản trị rủi ro và kiểm soát đòn bẩy tài chính.
Nhìn ở góc độ vĩ mô, các chuyên gia cho rằng, giai đoạn này là một pha điều chỉnh mang tính chu kỳ phát triển. Lãi suất luôn vận hành theo nhịp tăng – ổn định – giảm, khó có khả năng tăng kéo dài liên tục. Nhìn lại các đợt tăng lãi suất trước đây thường không quá 18 - 24 tháng, trừ khi xuất hiện khủng hoảng đặc biệt. Ngay cả giai đoạn biến động mạnh 2008 - 2013, mặt bằng lãi suất cũng không tăng quá 24 tháng. Gần đây nhất là giai đoạn tăng lãi suất diễn ra từ nửa cuối năm 2022, nhưng sang tới quý 2/2023 thì mặt bằng lãi suất cũng"
T138,2025-12-22T11:00:00,An Zen Residences - Xu hướng khai thác dòng tiền từ kinh doanh căn hộ,"Hải Phòng đang tăng trưởng mạnh mẽ về du lịch, kéo theo nhu cầu lưu trú bùng nổ. Xu hướng tìm kiếm homestay, căn hộ cho thuê ngày càng gia tăng, mở ra cơ hội đầu tư sinh lời bền vững. Tọa lạc tại vị trí đắt giá giữa lòng Thành phố, An Zen Residences chính là cơ hội  để các nhà đầu tư thông minh đón đầu thị trường.","TIN MỚI
Sau sáp nhập, Hải Phòng đang chuyển mình mạnh mẽ với tốc độ đô thị hóa nhanh, hạ tầng phát triển và làn sóng dịch vụ - du lịch bùng nổ, tạo ra nhu cầu nguồn cung lưu trú chất lượng. Giữa bối cảnh đó, An Zen Residences - dự án căn hộ vừa túi tiền của Nam Long ADC - trở thành lựa chọn tối ưu: khai thác hiệu quả homestay và thuận lợi cho thuê dài hạn.
Xu hướng du lịch ngắn ngày và kinh doanh mô hình Homestay
""Thành phố công nghiệp biển"" Hải Phòng đang trở thành điểm đến du lịch được ưa chuộng của nhiều du khách. Theo Sở Văn hóa, Thể thao và Du lịch Hải Phòng, tính chung 10 tháng năm 2025, thành phố ước tính đón 12,87 triệu lượt khách, tăng 27,06% so với cùng kỳ 2024.
Sự bùng nổ du lịch đã làm thay đổi thói quen lựa chọn lưu trú của du khách. Thay vì ở khách sạn truyền thống, nhiều nhóm khách – đặc biệt là gia đình nhỏ, nhóm bạn trẻ và khách công tác – chuyển sang tìm kiếm căn hộ hom"
T139,2026-01-04T15:32:00,Áp dụng mã định danh điện tử sản phẩm bất động sản từ 1/3/2026,"Mã định danh điện tử sản phẩm bất động sản (bao gồm nhà ở và phần diện tích sàn xây dựng trong công trình xây dựng) là một chuỗi ký tự gồm số và chữ, được cấp riêng cho mỗi căn nhà (chung cư, nhà ở riêng lẻ) hoặc bất động sản trong công trình xây dựng.","TIN MỚI
Chính phủ vừa ban hành Nghị định số 357/2025/NĐ-CP về xây dựng và quản lý hệ thống thông tin, cơ sở dữ liệu về nhà ở và thị trường bất động sản, có hiệu lực thi hành từ ngày 1/3/2026.
Nghị định quy định chi tiết một số điều, khoản của Luật Kinh doanh bất động sản số 29/2023/QH15 gồm: Điều 72 về hạ tầng kỹ thuật công nghệ thông tin và hệ thống phần mềm phục vụ quản lý, vận hành, khai thác hệ thống thông tin về nhà ở và thị trường bất động sản; Điều 73 về cơ sở dữ liệu về nhà ở và thị trường bất động sản; Điều 74 về xây dựng, quản lý, vận hành hệ thống thông tin về nhà ở và thị trường bất động sản; điểm a, điểm b khoản 2 Điều 75 về khai thác hệ thống thông tin về nhà ở và thị trường bất động sản.
Nghị định này áp dụng đối với cơ quan, tổ chức, cá nhân có liên quan đến việc xây dựng, quản lý và sử dụng hệ thống thông tin, cơ sở dữ liệu về nhà ở và thị trường bất động sản.
Mã định da"
T140,2025-11-25T20:50:00,"TP HCM: Tăng nguồn cung, giảm giá nhà ở","UBND TP HCM giao nhiệm vụ cho hàng loạt sở, ngành để tăng nguồn cung, giảm giá nhà ở.","TIN MỚI
Phó Chủ tịch UBND TP HCM Bùi Xuân Cường vừa có công văn chỉ đạo các sở, ngành, đơn vị liên quan, địa phương để thực hiện giải pháp tăng nguồn cung, giảm giá nhà ở, bất động sản, hướng đến ổn định, phát triển thị trường bất động sản thành phố.
TP HCM đẩy mạnh các giải pháp để tăng nguồn cung nhà ở, giảm giá nhà.
Trong đó, Sở Xây dựng công bố kịp thời thông tin về nhà ở và thị trường bất động sản, công khai các văn bản thông báo bất động sản đủ điều kiện đưa vào kinh doanh; công khai các dự án, các khu đô thị mới, dự án nhà ở, nhất là dự án nhà ở xã hội trên địa bàn... bảo đảm công khai, minh bạch thông tin thị trường.
Đồng thời, tham mưu đẩy nhanh việc quy hoạch, phát triển đô thị, nhất là các khu vực phát triển đô thị theo hình thức TOD; tập trung giải quyết nhanh các thủ tục hành chính trong đầu tư xây"
T141,2025-11-21T13:10:00,Hà Nội: Bốc thăm online xác định người được mua nhà ở xã hội,"Khách hàng sẽ thực hiện bốc thăm mua, thuê mua NOXH theo hình thức trực tuyến vào ngày 24/11. Mỗi khách hàng chỉ được bốc thăm 1 lần duy nhất. Nếu phiếu trúng, khách hàng sẽ đặt cọc và làm thủ tục mua, thuê mua căn hộ NOXH.","TIN MỚI
Liên quan đến dự án     Nhà ở xã hội    (NOXH) Rice Long Châu, Liên danh     chủ đầu tư    vừa gửi thông tin khách hàng về kế hoạch bốc thăm căn hộ.
Theo kế hoạch, Liên danh chủ đầu tư sẽ tổ chức bốc thăm mua căn hộ vào ngày 24/11 và chia thành 2 đợt. Trong đó, đợt 1 từ 8h15 đến 8h45 gồm các đối tượng ưu tiên     bốc thăm    . Đợt 2 từ 9h đến 11h cùng ngày, các đối tượng còn lại sẽ thực hiện bốc thăm.
Khách hàng sẽ thực hiện bốc thăm theo hình thức trực tuyến qua đường Link sẽ được chủ đầu tư gửi tới email khách hàng trước giờ bốc thăm ngày 24/11. Mỗi khách hàng chỉ được bốc 1 lần duy nhất.
Có 2 loại phiếu, bao gồm phiếu trúng (trúng quyền mua/thuê mua) và phiếu trắng (không trúng quyền mua/thuê mua căn hộ).
Dự án Nhà ở xã hội Rice Long Châu đang được xây dựng
Sau khi khách hàng trúng quyền mua, sẽ thực hiện     đặt cọc    50 triệu đồng cho chủ đầu tư. Sau đó, sẽ thực hiện ký kết"
T142,2026-08-06T10:00:00,"Vì sao giới tinh hoa trẻ chọn sống ở căn hộ ""Healthy Home""?","Trong bối cảnh thế hệ cư dân tinh hoa trẻ ngày càng ưu tiên sức khỏe và cuộc sống cân bằng, căn hộ “Healthy Home” dần trở thành tiêu chuẩn sống tại các đô thị do SkyWorld phát triển.","TIN MỚI
Khi chất lượng sống tiện nghi được cân bằng với mức chi phí hợp lý và giá trị sống lâu dài, ""Healthy Home"" trở thành lựa chọn tinh tế dành cho những cư dân hướng đến chuẩn sống mới. Không chỉ đơn thuần là nơi ở, căn hộ ""Healthy Home"" được xem như không gian tái tạo năng lượng và nâng cao chất lượng sống lâu dài.
""Healthy Home"" – Chuẩn sống mới xứng tầm tinh hoa
Với mong muốn mang chuẩn sống thành công tại Malaysia đến gần hơn với người Việt, nhà phát triển đô thị SkyWorld đã ấp ủ và phát triển căn hộ ""Healthy Home"" như một lời giải cho nhu cầu sống chất lượng giữa lòng đô thị hiện đại.
""Healthy Home"" vì vậy không đơn thuần là việc gia tăng mảng xanh trong dự án mà được hình thành từ bốn yếu tố cốt lõi: ánh sáng – thiên nhiên – không khí & nguồn nước – kết nối cộng đồng. Tất cả tạo nên một môi trường sống nuôi dưỡng sức khỏe toàn diện cho cư dân mỗi ngày.
Đầu tiên, ánh sáng tự nhi"
T143,2026-05-27T15:53:00,"Đừng vội ôm vàng khi ""hầm trú ẩn"" này đang ảnh hưởng nhiều từ dòng vốn đầu cơ, giới đầu tư sành sỏi đang âm thầm gom bất động sản đón sóng mới","Ông Martin Towns, Giám đốc Toàn cầu Mảng Bất động sản, M&G Investments nhận định: “Sau một giai đoạn điều chỉnh, bất động sản đang trở lại vị trí quan trọng trong chiến lược phân bổ tài sản"".","TIN MỚI
Theo báo cáo Savills Impacts, trong khoảng 5 năm gần đây, kinh tế toàn cầu bước vào giai đoạn biến động rõ nét với việc lạm phát quay trở lại, lãi suất duy trì ở mặt bằng cao hơn và nhiều rủi ro gia tăng. Đồng thời, các yếu tố như công nghệ phát triển nhanh, xu hướng phân mảnh kinh tế và bất ổn chính trị đang định hình lại cách thị trường vận hành.
Bối cảnh này khác biệt rõ rệt giai đoạn ổn định (Great Moderation) kéo dài trước đó, khi các yếu tố vĩ mô tương đối bình ổn trong thời gian dài. Hiện nay, nhiều quy luật quen thuộc của thị trường và hành vi đầu tư đang thay đổi, khiến các giả định cũ không còn phù hợp.
Trong kỷ nguyên biến động (Great Volatility), các mối tương quan giữa các loại tài sản đã thay đổi rõ rệt. Những loại tài sản mới như tài sản số xuất hiện, trong khi các tài sản truyền thống cũng có hành vi khác trước.
Thị trường trái phiếu biến động mạnh hơn, không còn "
T144,2026-08-25T15:30:00,CĐT Mitsubishi Corporation công bố ưu đãi mùa Vu Lan cho khách hàng Monrei Saigon,"Chủ đầu tư Mitsubishi Corporation vừa công bố ưu đãi đặc biệt mùa Vu Lan dành cho khách hàng sở hữu căn hộ tại Monrei Saigon. Theo đó, chỉ cần thanh toán 15% đến khi nhận nhà, chủ nhân tương lai còn được nhận ngay nửa cây vàng làm quà tân gia.","TIN MỚI
Sở hữu nhà sang tại Đông Bắc TP
Hồ Chí Minh
với giải pháp tài chính linh hoạt
Theo chính sách ""The Golden Flow"" vừa công bố, chủ nhân Monrei Saigon chỉ cần chuẩn bị 15% vốn tự có, hỗ trợ lãi suất 0% đến khi nhận nhà, ngân hàng hỗ trợ vay lên đến 80%.
Giới đầu tư đánh giá, đây là giải pháp giúp người mua giảm tải áp lực tài chính ban đầu, linh hoạt và chủ động hơn trong việc sở hữu hoặc đầu tư căn hộ. Cụ thể, với căn hộ 2 phòng ngủ có giá khoảng 2,8 tỷ đồng, số vốn ban đầu cần chuẩn bị chỉ khoảng 420 triệu đồng. Đáng chú ý, khách          hàng sở hữu căn hộ Monrei Saigon trong thời gian áp dụng chương trình được tặng nửa cây vàng         .
Đại diện đơn vị phát triển dự án cho biết:          ""
The Golden Flow
không đơn thuần là một chương trình ưu đãi mùa Vu Lan
. Giải pháp còn được chúng tôi được thiết kế để giải quyết bài toán tài chính thực tế của người mua hiện nay là làm thế n"
T145,2025-11-13T08:00:00,Bất động sản trở thành tài sản chiến lược phát triển thương hiệu F&B tại Huế,Dòng biệt thự kinh doanh Menas Zone Vỹ Dạ đang thu hút được sự quan tâm của nhiều doanh nghiệp F&B bởi sự kết hợp linh hoạt mô hình F&B và đầu tư bất động sản.,"TIN MỚI
Biệt thự bên sông Như Ý, điểm đến như ý của nhà đầu tư
Khu biệt thự thương mại Menas Zone Vỹ Dạ - Huế sở hữu một mặt giáp sông Như Ý, ba mặt còn lại tiếp cận các tuyến huyết mạch Phạm Văn Đồng - Lâm Hoằng - Hàn Mặc Tử, thuận tiện kết nối trung tâm và khu du lịch ven biển Thuận An.
Theo giới đầu tư, không gian ven sông là tạo sự khác biệt, mang lại giá trị thẩm mỹ, vừa hình thành nên không gian sang trọng để triển khai các hoạt động F&B, event, workshop... Với thiết kế đa năng, mỗi biệt thự có thể vận hành nhiều mô hình kinh doanh như café ven sông, nhà hàng, phòng tiệc nhỏ, rooftop bar hoặc sky lounge…
Đối với các thương hiệu cao cấp, việc sở hữu không gian trải nghiệm riêng biệt đang trở thành chiến lược dài hạn. Đây không chỉ là địa điểm kinh doanh, mà còn được xem như các ""flagship"" thương hiệu: nơi tổ chức sự kiện, ra mắt sản phẩm, đồng thời tạo nội dung truyền thông tự nhiên"
T146,2026-01-25T14:31:00,Định danh bất động sản và “bài toán” hạ giá nhà đất,"Theo chuyên gia, định danh bất động sản chỉ có tác dụng minh bạch hóa thị trường chứ không phải công cụ “nóng” để hạ giá nhà đất trong ngắn hạn.","TIN MỚI
Việc Chính phủ ban hành Nghị định 357/2025/NĐ-CP, có hiệu lực từ ngày 1/3/2026, về xây dựng và quản lý Hệ thống thông tin, cơ sở dữ liệu về nhà ở và thị trường bất động sản, đánh dấu một bước triển khai mang tính hệ thống, đồng bộ và có tính bắt buộc rất cao đối với toàn thị trường.
Theo quy định tại Điều 4, hệ thống này được tổ chức tập trung, thống nhất từ Trung ương đến địa phương, do Bộ Xây dựng quản lý trên phạm vi toàn quốc. Trong đó, việc gắn mã định danh điện tử duy nhất cho từng sản phẩm bất động sản, được quy định tại Điều 5, Điều 8 và Điều 9, chính là công cụ kỹ thuật then chốt để hiện thực hóa mục tiêu đó.
Theo GS Đặng Hùng Võ – Nguyên Thứ trưởng Bộ Tài nguyên và Môi trường, hiện đang có một ngộ nhận phổ biến hiện nay cho rằng mã định danh bất động sản sẽ ngay lập tức kéo giá đất đi xuống hoặc chấm dứt tình trạng đầu cơ.
GS Đặng Hùng Võ cho rằng đây là cách hiểu chưa "
T147,2026-02-08T19:28:00,Bất động sản năm 2026: Dòng tiền sẽ chảy vào đâu?,"Theo các chuyên gia, dòng tiền vào các sản phẩm bất động sản năm 2026 sẽ có sự thay đổi đáng kể và khó xảy ra việc ""mua đâu cũng có lãi"".","TIN MỚI
Báo cáo của Hội Môi giới bất động sản Việt Nam (VARS) cho thấy, từ cuối năm 2025, thị trường bắt đầu có sự thay đổi. Dù vẫn có những dự án được hấp thụ tốt, nhưng tình trạng phân hóa ngày càng rõ nét khi nguồn cung tăng đồng loạt trên diện rộng, với nhiều lựa chọn đa dạng hơn.
Đặc biệt, khi lãi suất có xu hướng tăng, áp lực tài chính bắt đầu bộc lộ rõ đối với nhóm nhà đầu tư sử dụng đòn bẩy cao, kỳ vọng lướt sóng ngắn hạn, tham gia thị trường trong những đợt tăng nóng.
Theo các chuyên gia, bước sang năm 2026, dòng tiền trên
 
  thị trường bất động sản
 
 đang cho thấy sự thay đổi rõ rệt về ""khẩu vị"" đầu tư, từ chỗ chạy theo kỳ vọng tăng giá trong ngắn hạn đang dịch chuyển sang những sản phẩm có giá trị thực và bền vững hơn, được thúc đẩy bởi nhiều yếu tố kinh tế - thị trường có thể quan sát và đo lường được.
Dòng tiền năm 2026 sẽ đổ vào những bất động sản có giá trị thực. (Ảnh: N"
T148,2026-04-17T07:15:00,"Công an cảnh báo: Mua nhà ở xã hội cần đặc biệt chú ý, tuyệt đối không giao dịch với người tự xưng có “suất nội bộ”, “suất ngoại giao”","Công an TP Hà Nội đề nghị người dân tuyệt đối không giao dịch, đặt cọc hoặc chuyển tiền cho bất kỳ cá nhân, tổ chức nào rao bán NƠXH trái phép, tự xưng có “suất nội bộ”, “suất ngoại giao”.","TIN MỚI
Ảnh minh họa.
CTTĐT Công an TP Hà Nội vừa phát đi cảnh báo về tình trạng lợi dụng chính sách phát triển nhà ở xã hội (NƠXH) để lừa đảo, chiếm đoạt tài sản.
Theo đó, thời gian gần đây, tình trạng lợi dụng các chính sách NƠXH, trong đó có các dự án dành cho lực lượng vũ trang, để trục lợi tiếp tục diễn biến phức tạp. Các đối tượng sử dụng nhiều thủ đoạn tinh vi, đặc biệt trên không gian mạng, thông qua việc quảng cáo, rao bán, tìm kiếm khách hàng mua các “suất ngoại giao”, “suất nội bộ”, “suất chắc mua”.
Công an TP Hà Nội cho biết, các đối tượng thường tự xưng có quan hệ với lãnh đạo, chủ đầu tư hoặc người có thẩm quyền tại các dự án NƠXH đang triển khai trên địa bàn thành phố để thực hiện hành vi “tư vấn”, “môi giới” nhằm thu lợi bất chính. Không ít trường hợp đã nhận của người dân số tiền rất lớn, có vụ lên tới hàng tỷ đồng, với cam kết giúp mua được căn hộ.
Tuy nhiên, sau khi nh"
T149,2025-10-20T08:00:00,Cần Thơ 2030: Trung tâm vùng Tây Nam Bộ và bước nhảy vọt của BĐS vùng lõi,"Cần Thơ đang bước vào giai đoạn bứt phá với mục tiêu trở thành cực tăng trưởng quốc gia vào năm 2030. Hạ tầng, kinh tế và đô thị hóa đồng loạt thăng hạng, mở ra thời cơ vàng cho thị trường BĐS lõi đô thị – đặc biệt tại khu vực liền kề khu hành chính mới của thành phố.","TIN MỚI
Cần Thơ trước thời vận trở thành cực tăng trưởng quốc gia
Theo báo cáo từ Đại hội Đảng bộ TP. Cần Thơ ngày 27/9/2025, mục tiêu đến năm 2030, Cần Thơ trở thành một trong những cực tăng trưởng của quốc gia, đóng vai trò động lực lan tỏa và dẫn dắt toàn vùng ĐBSCL. Mục tiêu đến 2045 hướng tới thành phố sinh thái, hiện đại, văn minh, thuộc nhóm phát triển khá của châu Á.
Những cột mốc đầy tự tin này được đưa ra dựa trên nền tảng kinh tế và đầu tư vững mạnh mà toàn thành phố tích lũy được trong suốt thập niên vừa qua, đặc biệt càng bứt phá mạnh mẽ sau nghị quyết sáp nhập với Sóc Trăng và Hậu Giang.
Cần Thơ hiện có nền kinh tế quy mô 312.621 tỷ đồng, tăng trưởng GRDP bình quân 7,41%/năm, thu ngân sách hơn 105.000 tỷ đồng, tỷ lệ hộ nghèo đặc biệt thấp, chỉ còn 0,74%. Không khó để thấy rằng hình ảnh Tây Đô với những khu đô thị mới bề thế,  hiện đại, đầy sức sống, tạo nên làn sóng thu hút"
T150,2026-05-19T15:57:00,Hà Nội đề xuất tặng biệt thự cho nhân lực chất lượng cao,"TP. Hà Nội đang lấy ý kiến dự thảo Nghị quyết chính sách đầu tư, phát triển và hỗ trợ nhà ở. Trong đó đề xuất có cơ chế hỗ trợ nhà cho nhóm nhân lực chất lượng cao.","TIN MỚI
Đề xuất hỗ trợ nhà ở cho nhân lực chất lượng cao
Để được hưởng chính sách, nhân lực chất lượng cao cần đáp ứng chuyên môn, có thành tích tham gia dự án thuộc diện thu hút, phát triển nhân lực chất lượng của thành phố. Họ phải cam kết làm việc, cống hiến cho Thủ đô tối thiểu 5 năm và chưa được hưởng chính sách hỗ trợ nhà ở nào. Nếu đã sở hữu nhà ở nhưng cách xa nơi làm việc, họ được xem xét bố trí thuê nhà ở. Trường hợp cam kết cống hiến từ 5 đến dưới 10 năm, thành phố đề xuất tặng nhà chung cư hoặc giảm tối đa 50% tiền mua nhà biệt thự, liền kề. Nếu cam kết làm việc 10 năm trở lên, họ sẽ được tặng nhà ở gồm biệt thự, liền kề hoặc chung cư. UBND thành phố sẽ quy định chi tiết tiêu chí, điều kiện được hỗ trợ, việc quản lý và thu hồi nhà ở cho nhóm này.
Theo Điều 10 dự thảo Nghị quyết, UBND TP. Hà Nội đề xuất một số cơ chế, chính sách ưu đãi nhằm phát triển các loại hình nhà ở đa mụ"
